source,split,row_index,row_id,smiles,Y,rdkit_valid,rdkit_error,canonical_exact,canonical_salt_removed,n_fragments,b3db_match_type,b3db_exact_labels,b3db_salt_removed_labels,b3db_exact_row_nos,b3db_exact_compound_names,b3db_exact_smiles,b3db_salt_removed_row_nos,b3db_salt_removed_compound_names,b3db_salt_removed_smiles,tdc_exact_group_row_ids,tdc_salt_removed_group_row_ids,flags
tdc_original_prompt,train,27,train:27,CC(=O)Oc1ccccc1C(=O)O,0,True,,CC(=O)Oc1ccccc1C(=O)O,CC(=O)Oc1ccccc1C(=O)O,1,exact,1,1,B3DB_classification:278,50-78-2,CC(=O)Oc1ccccc1C(=O)O,B3DB_classification:278,50-78-2,CC(=O)Oc1ccccc1C(=O)O,train:27|train:127,train:27|train:127,b3db_exact_label_mismatch|b3db_salt_removed_label_mismatch|tdc_exact_label_conflict|tdc_salt_removed_label_conflict
tdc_original_prompt,train,78,train:78,CC(C)Cc1ccc(C(C)C(=O)O)cc1,0,True,,CC(C)Cc1ccc(C(C)C(=O)O)cc1,CC(C)Cc1ccc(C(C)C(=O)O)cc1,1,exact,1,1,B3DB_classification:407,ibuprofen ,CC(C)Cc1ccc(C(C)C(=O)O)cc1,B3DB_classification:407,ibuprofen ,CC(C)Cc1ccc(C(C)C(=O)O)cc1,,,b3db_exact_label_mismatch|b3db_salt_removed_label_mismatch
tdc_original_prompt,train,83,train:83,N[C@@H](Cc1ccc(O)c(O)c1)C(=O)O,0,True,,N[C@@H](Cc1ccc(O)c(O)c1)C(=O)O,N[C@@H](Cc1ccc(O)c(O)c1)C(=O)O,1,exact,1,1,B3DB_classification:181,levodopa,N[C@@H](Cc1ccc(O)c(O)c1)C(=O)O,B3DB_classification:181,levodopa,N[C@@H](Cc1ccc(O)c(O)c1)C(=O)O,train:83|train:98,train:83|train:98,b3db_exact_label_mismatch|b3db_salt_removed_label_mismatch|tdc_exact_label_conflict|tdc_salt_removed_label_conflict
tdc_original_prompt,train,86,train:86,NC(Cc1ccc(N(CCCl)CCCl)cc1)C(=O)O,0,True,,NC(Cc1ccc(N(CCCl)CCCl)cc1)C(=O)O,NC(Cc1ccc(N(CCCl)CCCl)cc1)C(=O)O,1,exact,1,1,B3DB_classification:282,melphalan,NC(Cc1ccc(N(CCCl)CCCl)cc1)C(=O)O,B3DB_classification:282,melphalan,NC(Cc1ccc(N(CCCl)CCCl)cc1)C(=O)O,,,b3db_exact_label_mismatch|b3db_salt_removed_label_mismatch
tdc_original_prompt,train,98,train:98,N[C@@H](Cc1ccc(O)c(O)c1)C(=O)O,1,True,,N[C@@H](Cc1ccc(O)c(O)c1)C(=O)O,N[C@@H](Cc1ccc(O)c(O)c1)C(=O)O,1,exact,1,1,B3DB_classification:181,levodopa,N[C@@H](Cc1ccc(O)c(O)c1)C(=O)O,B3DB_classification:181,levodopa,N[C@@H](Cc1ccc(O)c(O)c1)C(=O)O,train:83|train:98,train:83|train:98,tdc_exact_label_conflict|tdc_salt_removed_label_conflict
tdc_original_prompt,train,102,train:102,CCOc1ccc(NC(C)=O)cc1,0,True,,CCOc1ccc(NC(C)=O)cc1,CCOc1ccc(NC(C)=O)cc1,1,exact,1,1,B3DB_classification_external:27,phenacetin,CCOc1ccc(NC(C)=O)cc1,B3DB_classification_external:27,phenacetin,CCOc1ccc(NC(C)=O)cc1,,,b3db_exact_label_mismatch|b3db_salt_removed_label_mismatch
tdc_original_prompt,train,105,train:105,CCCN(CCC)S(=O)(=O)c1ccc(C(=O)O)cc1,0,True,,CCCN(CCC)S(=O)(=O)c1ccc(C(=O)O)cc1,CCCN(CCC)S(=O)(=O)c1ccc(C(=O)O)cc1,1,exact,1,1,B3DB_classification:313,probenecid,CCCN(CCC)S(=O)(=O)c1ccc(C(=O)O)cc1,B3DB_classification:313,probenecid,CCCN(CCC)S(=O)(=O)c1ccc(C(=O)O)cc1,,,b3db_exact_label_mismatch|b3db_salt_removed_label_mismatch
tdc_original_prompt,train,112,train:112,CC(C)NCC(O)COc1ccc(CC(N)=O)cc1,0,True,,CC(C)NCC(O)COc1ccc(CC(N)=O)cc1,CC(C)NCC(O)COc1ccc(CC(N)=O)cc1,1,exact,1,1,B3DB_classification:155,atenolol ,CC(C)NCC(O)COc1ccc(CC(N)=O)cc1,B3DB_classification:155,atenolol ,CC(C)NCC(O)COc1ccc(CC(N)=O)cc1,,,b3db_exact_label_mismatch|b3db_salt_removed_label_mismatch
tdc_original_prompt,train,127,train:127,CC(=O)Oc1ccccc1C(=O)O,1,True,,CC(=O)Oc1ccccc1C(=O)O,CC(=O)Oc1ccccc1C(=O)O,1,exact,1,1,B3DB_classification:278,50-78-2,CC(=O)Oc1ccccc1C(=O)O,B3DB_classification:278,50-78-2,CC(=O)Oc1ccccc1C(=O)O,train:27|train:127,train:27|train:127,tdc_exact_label_conflict|tdc_salt_removed_label_conflict
tdc_original_prompt,train,138,train:138,CCC(C)n1ncn(-c2ccc(N3CCN(c4ccc(OC[C@H]5CO[C@](Cn6cncn6)(c6ccc(Cl)cc6Cl)O5)cc4)CC3)cc2)c1=O,0,True,,CCC(C)n1ncn(-c2ccc(N3CCN(c4ccc(OC[C@H]5CO[C@](Cn6cncn6)(c6ccc(Cl)cc6Cl)O5)cc4)CC3)cc2)c1=O,CCC(C)n1ncn(-c2ccc(N3CCN(c4ccc(OC[C@H]5CO[C@](Cn6cncn6)(c6ccc(Cl)cc6Cl)O5)cc4)CC3)cc2)c1=O,1,exact,1,1,B3DB_classification:238,itraconazole,CCC(C)n1ncn(-c2ccc(N3CCN(c4ccc(OC[C@H]5CO[C@](Cn6cncn6)(c6ccc(Cl)cc6Cl)O5)cc4)CC3)cc2)c1=O,B3DB_classification:238,itraconazole,CCC(C)n1ncn(-c2ccc(N3CCN(c4ccc(OC[C@H]5CO[C@](Cn6cncn6)(c6ccc(Cl)cc6Cl)O5)cc4)CC3)cc2)c1=O,,,b3db_exact_label_mismatch|b3db_salt_removed_label_mismatch
tdc_original_prompt,train,168,train:168,COc1ccc(CN(CCN(C)C)c2ccccn2)cc1,0,True,,COc1ccc(CN(CCN(C)C)c2ccccn2)cc1,COc1ccc(CN(CCN(C)C)c2ccccn2)cc1,1,exact,1,1,B3DB_classification:823|B3DB_classification_external:151,mepyramine (pyrilamine) ; Mepyramine,COc1ccc(CN(CCN(C)C)c2ccccn2)cc1 ; COc1ccc(CN(CCN(C)C)c2ccccn2)cc1,B3DB_classification:823|B3DB_classification_external:151,mepyramine (pyrilamine) ; Mepyramine,COc1ccc(CN(CCN(C)C)c2ccccn2)cc1 ; COc1ccc(CN(CCN(C)C)c2ccccn2)cc1,,,b3db_exact_label_mismatch|b3db_salt_removed_label_mismatch
tdc_original_prompt,train,274,train:274,Cn1c(=O)c2[nH]cnc2n(C)c1=O,0,True,,Cn1c(=O)c2[nH]cnc2n(C)c1=O,Cn1c(=O)c2[nH]cnc2n(C)c1=O,1,exact,1,1,B3DB_classification:339,theophylline,Cn1c(=O)c2[nH]cnc2n(C)c1=O,B3DB_classification:339,theophylline,Cn1c(=O)c2[nH]cnc2n(C)c1=O,,train:274|train:1282,b3db_exact_label_mismatch|b3db_salt_removed_label_mismatch|tdc_salt_removed_duplicate_same_label
tdc_original_prompt,train,308,train:308,CN1C2CCC1CC(OC(=O)C(CO)c1ccccc1)C2,1,True,,CN1C2CCC1CC(OC(=O)C(CO)c1ccccc1)C2,CN1C2CCC1CC(OC(=O)C(CO)c1ccccc1)C2,1,exact,1,1,B3DB_classification:500,l-hyoscyamine,CN1C2CCC1CC(OC(=O)C(CO)c1ccccc1)C2,B3DB_classification:500,l-hyoscyamine,CN1C2CCC1CC(OC(=O)C(CO)c1ccccc1)C2,train:308|train:310,train:308|train:310,tdc_exact_label_conflict|tdc_salt_removed_label_conflict
tdc_original_prompt,train,310,train:310,CN1C2CCC1CC(OC(=O)C(CO)c1ccccc1)C2,0,True,,CN1C2CCC1CC(OC(=O)C(CO)c1ccccc1)C2,CN1C2CCC1CC(OC(=O)C(CO)c1ccccc1)C2,1,exact,1,1,B3DB_classification:500,l-hyoscyamine,CN1C2CCC1CC(OC(=O)C(CO)c1ccccc1)C2,B3DB_classification:500,l-hyoscyamine,CN1C2CCC1CC(OC(=O)C(CO)c1ccccc1)C2,train:308|train:310,train:308|train:310,b3db_exact_label_mismatch|b3db_salt_removed_label_mismatch|tdc_exact_label_conflict|tdc_salt_removed_label_conflict
tdc_original_prompt,train,434,train:434,CO/N=C(\C(=O)N[C@@H]1C(=O)N2C(C(=O)O)=C(CSc3nc(=O)c(=O)[nH]n3C)CS[C@H]12)c1csc(N)n1,1,True,,CO/N=C(\C(=O)N[C@@H]1C(=O)N2C(C(=O)O)=C(CSc3nc(=O)c(=O)[nH]n3C)CS[C@H]12)c1csc(N)n1,CO/N=C(\C(=O)N[C@@H]1C(=O)N2C(C(=O)O)=C(CSc3nc(=O)c(=O)[nH]n3C)CS[C@H]12)c1csc(N)n1,1,exact,0,0,B3DB_classification:2602,ceftriaxone,CO/N=C(\C(=O)N[C@@H]1C(=O)N2C(C(=O)O)=C(CSc3nc(=O)c(=O)[nH]n3C)CS[C@H]12)c1csc(N)n1,B3DB_classification:2602,ceftriaxone,CO/N=C(\C(=O)N[C@@H]1C(=O)N2C(C(=O)O)=C(CSc3nc(=O)c(=O)[nH]n3C)CS[C@H]12)c1csc(N)n1,,,b3db_exact_label_mismatch|b3db_salt_removed_label_mismatch
tdc_original_prompt,train,469,train:469,CC(=O)N1CCN(c2ccc(OC[C@H]3CO[C@](Cn4ccnc4)(c4ccc(Cl)cc4Cl)O3)cc2)CC1,0,True,,CC(=O)N1CCN(c2ccc(OC[C@H]3CO[C@](Cn4ccnc4)(c4ccc(Cl)cc4Cl)O3)cc2)CC1,CC(=O)N1CCN(c2ccc(OC[C@H]3CO[C@](Cn4ccnc4)(c4ccc(Cl)cc4Cl)O3)cc2)CC1,1,exact,1,1,B3DB_classification:364,ketoconazole,CC(=O)N1CCN(c2ccc(OC[C@H]3CO[C@](Cn4ccnc4)(c4ccc(Cl)cc4Cl)O3)cc2)CC1,B3DB_classification:364,ketoconazole,CC(=O)N1CCN(c2ccc(OC[C@H]3CO[C@](Cn4ccnc4)(c4ccc(Cl)cc4Cl)O3)cc2)CC1,,,b3db_exact_label_mismatch|b3db_salt_removed_label_mismatch
tdc_original_prompt,train,521,train:521,C[C@H]1C[C@H]2[C@@H]3CC[C@](O)(C(=O)CO)[C@@]3(C)C[C@H](O)[C@@H]2[C@@]2(C)C=CC(=O)C=C12,0,True,,C[C@H]1C[C@@H]2[C@H]([C@@H](O)C[C@@]3(C)[C@H]2CC[C@]3(O)C(=O)CO)[C@@]2(C)C=CC(=O)C=C12,C[C@H]1C[C@@H]2[C@H]([C@@H](O)C[C@@]3(C)[C@H]2CC[C@]3(O)C(=O)CO)[C@@]2(C)C=CC(=O)C=C12,1,unmatched,,,,,,,,,train:521|train:542,train:521|train:542,tdc_exact_label_conflict|tdc_salt_removed_label_conflict
tdc_original_prompt,train,542,train:542,C[C@H]1C[C@H]2[C@@H]3CC[C@](O)(C(=O)CO)[C@@]3(C)C[C@H](O)[C@@H]2[C@@]2(C)C=CC(=O)C=C12,1,True,,C[C@H]1C[C@@H]2[C@H]([C@@H](O)C[C@@]3(C)[C@H]2CC[C@]3(O)C(=O)CO)[C@@]2(C)C=CC(=O)C=C12,C[C@H]1C[C@@H]2[C@H]([C@@H](O)C[C@@]3(C)[C@H]2CC[C@]3(O)C(=O)CO)[C@@]2(C)C=CC(=O)C=C12,1,unmatched,,,,,,,,,train:521|train:542,train:521|train:542,tdc_exact_label_conflict|tdc_salt_removed_label_conflict
tdc_original_prompt,train,552,train:552,C[C@]12C[C@H](O)[C@H]3[C@@H](CCC4=CC(=O)C=C[C@@]43C)[C@@H]1CC[C@]2(O)C(=O)CO,0,True,,C[C@]12C=CC(=O)C=C1CC[C@@H]1[C@@H]2[C@@H](O)C[C@@]2(C)[C@H]1CC[C@]2(O)C(=O)CO,C[C@]12C=CC(=O)C=C1CC[C@@H]1[C@@H]2[C@@H](O)C[C@@]2(C)[C@H]1CC[C@]2(O)C(=O)CO,1,exact,1,1,B3DB_classification:422,prednisolone,C[C@]12C[C@H](O)[C@H]3[C@@H](CCC4=CC(=O)C=C[C@@]43C)[C@@H]1CC[C@]2(O)C(=O)CO,B3DB_classification:422,prednisolone,C[C@]12C[C@H](O)[C@H]3[C@@H](CCC4=CC(=O)C=C[C@@]43C)[C@@H]1CC[C@]2(O)C(=O)CO,,,b3db_exact_label_mismatch|b3db_salt_removed_label_mismatch
tdc_original_prompt,train,579,train:579,CCn1cc(C(=O)O)c(=O)c2ccc(C)nc21,0,True,,CCn1cc(C(=O)O)c(=O)c2ccc(C)nc21,CCn1cc(C(=O)O)c(=O)c2ccc(C)nc21,1,exact,1,1,B3DB_classification:230,nalidixicacid,CCn1cc(C(=O)O)c(=O)c2ccc(C)nc21,B3DB_classification:230,nalidixicacid,CCn1cc(C(=O)O)c(=O)c2ccc(C)nc21,,,b3db_exact_label_mismatch|b3db_salt_removed_label_mismatch
tdc_original_prompt,train,583,train:583,CC(=O)[C@]1(O)Cc2c(O)c3c(c(O)c2[C@@H](O[C@H]2C[C@H](N)[C@H](O)[C@H](C)O2)C1)C(=O)c1ccccc1C3=O,0,True,,CC(=O)[C@]1(O)Cc2c(O)c3c(c(O)c2[C@@H](O[C@H]2C[C@H](N)[C@H](O)[C@H](C)O2)C1)C(=O)c1ccccc1C3=O,CC(=O)[C@]1(O)Cc2c(O)c3c(c(O)c2[C@@H](O[C@H]2C[C@H](N)[C@H](O)[C@H](C)O2)C1)C(=O)c1ccccc1C3=O,1,exact,1,1,B3DB_classification:547,dm5,CC(=O)[C@]1(O)Cc2c(O)c3c(c(O)c2[C@@H](O[C@H]2C[C@H](N)[C@H](O)[C@H](C)O2)C1)C(=O)c1ccccc1C3=O,B3DB_classification:547,dm5,CC(=O)[C@]1(O)Cc2c(O)c3c(c(O)c2[C@@H](O[C@H]2C[C@H](N)[C@H](O)[C@H](C)O2)C1)C(=O)c1ccccc1C3=O,,,b3db_exact_label_mismatch|b3db_salt_removed_label_mismatch
tdc_original_prompt,train,586,train:586,COc1cccc2c1C(=O)c1c(O)c3c(c(O)c1C2=O)C[C@@](O)(C(=O)CO)C[C@@H]3O[C@H]1C[C@H](N)[C@H](O)[C@H](C)O1,0,True,,COc1cccc2c1C(=O)c1c(O)c3c(c(O)c1C2=O)C[C@@](O)(C(=O)CO)C[C@@H]3O[C@H]1C[C@H](N)[C@H](O)[C@H](C)O1,COc1cccc2c1C(=O)c1c(O)c3c(c(O)c1C2=O)C[C@@](O)(C(=O)CO)C[C@@H]3O[C@H]1C[C@H](N)[C@H](O)[C@H](C)O1,1,exact,1,1,B3DB_classification:169,doxorubicin,COc1cccc2c1C(=O)c1c(O)c3c(c(O)c1C2=O)C[C@@](O)(C(=O)CO)C[C@@H]3O[C@H]1C[C@H](N)[C@H](O)[C@H](C)O1,B3DB_classification:169,doxorubicin,COc1cccc2c1C(=O)c1c(O)c3c(c(O)c1C2=O)C[C@@](O)(C(=O)CO)C[C@@H]3O[C@H]1C[C@H](N)[C@H](O)[C@H](C)O1,,,b3db_exact_label_mismatch|b3db_salt_removed_label_mismatch
tdc_original_prompt,train,705,train:705,CCCCC1C(=O)N(c2ccccc2)N(c2ccccc2)C1=O,0,True,,CCCCC1C(=O)N(c2ccccc2)N(c2ccccc2)C1=O,CCCCC1C(=O)N(c2ccccc2)N(c2ccccc2)C1=O,1,exact,1,1,B3DB_classification:279,phenylbutazone,CCCCC1C(=O)N(c2ccccc2)N(c2ccccc2)C1=O,B3DB_classification:279,phenylbutazone,CCCCC1C(=O)N(c2ccccc2)N(c2ccccc2)C1=O,,,b3db_exact_label_mismatch|b3db_salt_removed_label_mismatch
tdc_original_prompt,train,815,train:815,Cc1cn([C@H]2C[C@H](N=[N+]=[N-])[C@@H](CO)O2)c(=O)[nH]c1=O,0,True,,Cc1cn([C@H]2C[C@H](N=[N+]=[N-])[C@@H](CO)O2)c(=O)[nH]c1=O,Cc1cn([C@H]2C[C@H](N=[N+]=[N-])[C@@H](CO)O2)c(=O)[nH]c1=O,1,exact,1,1,B3DB_classification:207,zidovudine,Cc1cn([C@H]2C[C@H](N=[N+]=[N-])[C@@H](CO)O2)c(=O)[nH]c1=O,B3DB_classification:207,zidovudine,Cc1cn([C@H]2C[C@H](N=[N+]=[N-])[C@@H](CO)O2)c(=O)[nH]c1=O,,,b3db_exact_label_mismatch|b3db_salt_removed_label_mismatch
tdc_original_prompt,train,913,train:913,COc1ccc(CCN2CCC(Nc3nc4ccccc4n3Cc3ccc(F)cc3)CC2)cc1,0,True,,COc1ccc(CCN2CCC(Nc3nc4ccccc4n3Cc3ccc(F)cc3)CC2)cc1,COc1ccc(CCN2CCC(Nc3nc4ccccc4n3Cc3ccc(F)cc3)CC2)cc1,1,exact,1,1,B3DB_classification:1017,astemizole,COc1ccc(CCN2CCC(Nc3nc4ccccc4n3Cc3ccc(F)cc3)CC2)cc1,B3DB_classification:1017,astemizole,COc1ccc(CCN2CCC(Nc3nc4ccccc4n3Cc3ccc(F)cc3)CC2)cc1,,,b3db_exact_label_mismatch|b3db_salt_removed_label_mismatch
tdc_original_prompt,train,951,train:951,CC(C)(C)NC(=O)[C@@H]1C[C@@H]2CCCC[C@@H]2CN1C[C@@H](O)[C@H](Cc1ccccc1)NC(=O)[C@H](CC(N)=O)NC(=O)c1ccc2ccccc2n1,0,True,,CC(C)(C)NC(=O)[C@@H]1C[C@@H]2CCCC[C@@H]2CN1C[C@@H](O)[C@H](Cc1ccccc1)NC(=O)[C@H](CC(N)=O)NC(=O)c1ccc2ccccc2n1,CC(C)(C)NC(=O)[C@@H]1C[C@@H]2CCCC[C@@H]2CN1C[C@@H](O)[C@H](Cc1ccccc1)NC(=O)[C@H](CC(N)=O)NC(=O)c1ccc2ccccc2n1,1,exact,1,1,B3DB_classification:148,saquinavir,CC(C)(C)NC(=O)[C@@H]1C[C@@H]2CCCC[C@@H]2CN1C[C@@H](O)[C@H](Cc1ccccc1)NC(=O)[C@H](CC(N)=O)NC(=O)c1ccc2ccccc2n1,B3DB_classification:148,saquinavir,CC(C)(C)NC(=O)[C@@H]1C[C@@H]2CCCC[C@@H]2CN1C[C@@H](O)[C@H](Cc1ccccc1)NC(=O)[C@H](CC(N)=O)NC(=O)c1ccc2ccccc2n1,,,b3db_exact_label_mismatch|b3db_salt_removed_label_mismatch
tdc_original_prompt,train,952,train:952,CC(C)(C)NC(=O)C1CC2CCCCC2CN1CC(O)C(Cc1ccccc1)NC(=O)C(CC(N)=O)NC(=O)c1ccc2ccccc2n1,1,True,,CC(C)(C)NC(=O)C1CC2CCCCC2CN1CC(O)C(Cc1ccccc1)NC(=O)C(CC(N)=O)NC(=O)c1ccc2ccccc2n1,CC(C)(C)NC(=O)C1CC2CCCCC2CN1CC(O)C(Cc1ccccc1)NC(=O)C(CC(N)=O)NC(=O)c1ccc2ccccc2n1,1,exact,0,0,B3DB_classification:125,127779-20-8,CC(C)(C)NC(=O)C1CC2CCCCC2CN1CC(O)C(Cc1ccccc1)NC(=O)C(CC(N)=O)NC(=O)c1ccc2ccccc2n1,B3DB_classification:125,127779-20-8,CC(C)(C)NC(=O)C1CC2CCCCC2CN1CC(O)C(Cc1ccccc1)NC(=O)C(CC(N)=O)NC(=O)c1ccc2ccccc2n1,,,b3db_exact_label_mismatch|b3db_salt_removed_label_mismatch
tdc_original_prompt,train,968,train:968,CC[C@]1(O)C[C@H]2CN(CCc3c([nH]c4ccccc34)[C@@](C(=O)OC)(c3cc4c(cc3OC)N(C=O)[C@H]3[C@@](O)(C(=O)OC)[C@H](OC(C)=O)[C@]5(CC)C=CCN6CC[C@]43[C@@H]65)C2)C1,1,True,,CC[C@]1(O)C[C@H]2CN(CCc3c([nH]c4ccccc34)[C@@](C(=O)OC)(c3cc4c(cc3OC)N(C=O)[C@H]3[C@@](O)(C(=O)OC)[C@H](OC(C)=O)[C@]5(CC)C=CCN6CC[C@]43[C@@H]65)C2)C1,CC[C@]1(O)C[C@H]2CN(CCc3c([nH]c4ccccc34)[C@@](C(=O)OC)(c3cc4c(cc3OC)N(C=O)[C@H]3[C@@](O)(C(=O)OC)[C@H](OC(C)=O)[C@]5(CC)C=CCN6CC[C@]43[C@@H]65)C2)C1,1,exact,0,0,B3DB_classification:127,vincristine,CC[C@]1(O)C[C@H]2CN(CCc3c([nH]c4ccccc34)[C@@](C(=O)OC)(c3cc4c(cc3OC)N(C=O)[C@H]3[C@@](O)(C(=O)OC)[C@H](OC(C)=O)[C@]5(CC)C=CCN6CC[C@]43[C@@H]65)C2)C1,B3DB_classification:127,vincristine,CC[C@]1(O)C[C@H]2CN(CCc3c([nH]c4ccccc34)[C@@](C(=O)OC)(c3cc4c(cc3OC)N(C=O)[C@H]3[C@@](O)(C(=O)OC)[C@H](OC(C)=O)[C@]5(CC)C=CCN6CC[C@]43[C@@H]65)C2)C1,,,b3db_exact_label_mismatch|b3db_salt_removed_label_mismatch
tdc_original_prompt,train,979,train:979,CC=CCC(C)C(O)C1C(=O)NC(CC)C(=O)N(C)CC(=O)N(C)C(CC(C)C)C(=O)NC(C(C)C)C(=O)N(C)C(CC(C)C)C(=O)NC(C)C(=O)NC(C)C(=O)N(C)C(CC(C)C)C(=O)N(C)C(CC(C)C)C(=O)N(C)C(C(C)C)C(=O)N1C,0,True,,CC=CCC(C)C(O)C1C(=O)NC(CC)C(=O)N(C)CC(=O)N(C)C(CC(C)C)C(=O)NC(C(C)C)C(=O)N(C)C(CC(C)C)C(=O)NC(C)C(=O)NC(C)C(=O)N(C)C(CC(C)C)C(=O)N(C)C(CC(C)C)C(=O)N(C)C(C(C)C)C(=O)N1C,CC=CCC(C)C(O)C1C(=O)NC(CC)C(=O)N(C)CC(=O)N(C)C(CC(C)C)C(=O)NC(C(C)C)C(=O)N(C)C(CC(C)C)C(=O)NC(C)C(=O)NC(C)C(=O)N(C)C(CC(C)C)C(=O)N(C)C(CC(C)C)C(=O)N(C)C(C(C)C)C(=O)N1C,1,exact,1,1,B3DB_classification:190,cyclosporin a,CC=CCC(C)C(O)C1C(=O)NC(CC)C(=O)N(C)CC(=O)N(C)C(CC(C)C)C(=O)NC(C(C)C)C(=O)N(C)C(CC(C)C)C(=O)NC(C)C(=O)NC(C)C(=O)N(C)C(CC(C)C)C(=O)N(C)C(CC(C)C)C(=O)N(C)C(C(C)C)C(=O)N1C,B3DB_classification:190,cyclosporin a,CC=CCC(C)C(O)C1C(=O)NC(CC)C(=O)N(C)CC(=O)N(C)C(CC(C)C)C(=O)NC(C(C)C)C(=O)N(C)C(CC(C)C)C(=O)NC(C)C(=O)NC(C)C(=O)N(C)C(CC(C)C)C(=O)N(C)C(CC(C)C)C(=O)N(C)C(C(C)C)C(=O)N1C,,,b3db_exact_label_mismatch|b3db_salt_removed_label_mismatch
tdc_original_prompt,train,1060,train:1060,NC(N)=Nc1nc(-c2cccc(N)c2)cs1,1,True,,NC(N)=Nc1nc(-c2cccc(N)c2)cs1,NC(N)=Nc1nc(-c2cccc(N)c2)cs1,1,exact,0,0,B3DB_classification:106,72801-60-6,NC(N)=Nc1nc(-c2cccc(N)c2)cs1,B3DB_classification:106,72801-60-6,NC(N)=Nc1nc(-c2cccc(N)c2)cs1,,,b3db_exact_label_mismatch|b3db_salt_removed_label_mismatch
tdc_original_prompt,train,1068,train:1068,Cc1ccc(C(=O)c2cc(O)c(O)c([N+](=O)[O-])c2)cc1,0,True,,Cc1ccc(C(=O)c2cc(O)c(O)c([N+](=O)[O-])c2)cc1,Cc1ccc(C(=O)c2cc(O)c(O)c([N+](=O)[O-])c2)cc1,1,exact,1,1,B3DB_classification_external:114,Tolcapone,Cc1ccc(C(=O)c2cc(O)c(O)c([N+](=O)[O-])c2)cc1,B3DB_classification_external:114,Tolcapone,Cc1ccc(C(=O)c2cc(O)c(O)c([N+](=O)[O-])c2)cc1,,,b3db_exact_label_mismatch|b3db_salt_removed_label_mismatch
tdc_original_prompt,train,1170,train:1170,COc1ccc2c(c1)c(CC(=O)O)c(C)n2C(=O)c1ccc(Cl)cc1,1,True,,COc1ccc2c(c1)c(CC(=O)O)c(C)n2C(=O)c1ccc(Cl)cc1,COc1ccc2c(c1)c(CC(=O)O)c(C)n2C(=O)c1ccc(Cl)cc1,1,exact,0,0,B3DB_classification:74,indomethacin,COc1ccc2c(c1)c(CC(=O)O)c(C)n2C(=O)c1ccc(Cl)cc1,B3DB_classification:74,indomethacin,COc1ccc2c(c1)c(CC(=O)O)c(C)n2C(=O)c1ccc(Cl)cc1,train:1170|train:1171,train:1170|train:1171,b3db_exact_label_mismatch|b3db_salt_removed_label_mismatch|tdc_exact_label_conflict|tdc_salt_removed_label_conflict
tdc_original_prompt,train,1171,train:1171,COc1ccc2c(c1)c(CC(=O)O)c(C)n2C(=O)c1ccc(Cl)cc1,0,True,,COc1ccc2c(c1)c(CC(=O)O)c(C)n2C(=O)c1ccc(Cl)cc1,COc1ccc2c(c1)c(CC(=O)O)c(C)n2C(=O)c1ccc(Cl)cc1,1,exact,0,0,B3DB_classification:74,indomethacin,COc1ccc2c(c1)c(CC(=O)O)c(C)n2C(=O)c1ccc(Cl)cc1,B3DB_classification:74,indomethacin,COc1ccc2c(c1)c(CC(=O)O)c(C)n2C(=O)c1ccc(Cl)cc1,train:1170|train:1171,train:1170|train:1171,tdc_exact_label_conflict|tdc_salt_removed_label_conflict
tdc_original_prompt,train,1237,train:1237,CCCC(C)C1(CC)C(=O)NC(=S)NC1=O,0,True,,CCCC(C)C1(CC)C(=O)NC(=S)NC1=O,CCCC(C)C1(CC)C(=O)NC(=S)NC1=O,1,exact,1,1,B3DB_classification:465,thiopental (thiopentone),CCCC(C)C1(CC)C(=O)NC(=S)NC1=O,B3DB_classification:465,thiopental (thiopentone),CCCC(C)C1(CC)C(=O)NC(=S)NC1=O,,,b3db_exact_label_mismatch|b3db_salt_removed_label_mismatch
tdc_original_prompt,train,1282,train:1282,Cn1c(=O)c2[nH]cnc2n(C)c1=O.Cn1c(=O)c2[nH]cnc2n(C)c1=O.NCCN,0,True,,Cn1c(=O)c2[nH]cnc2n(C)c1=O.Cn1c(=O)c2[nH]cnc2n(C)c1=O.NCCN,Cn1c(=O)c2[nH]cnc2n(C)c1=O,3,salt_removed,,1,,,,B3DB_classification:339,theophylline,Cn1c(=O)c2[nH]cnc2n(C)c1=O,,train:274|train:1282,b3db_salt_removed_label_mismatch|salt_removed_changed|tdc_salt_removed_duplicate_same_label
tdc_original_prompt,train,1293,train:1293,COc1ccc(CCN(C)CCCC(C#N)(c2ccc(OC)c(OC)c2)C(C)C)cc1OC,0,True,,COc1ccc(CCN(C)CCCC(C#N)(c2ccc(OC)c(OC)c2)C(C)C)cc1OC,COc1ccc(CCN(C)CCCC(C#N)(c2ccc(OC)c(OC)c2)C(C)C)cc1OC,1,exact,1,1,B3DB_classification:215,verapamil,COc1ccc(CCN(C)CCCC(C#N)(c2ccc(OC)c(OC)c2)C(C)C)cc1OC,B3DB_classification:215,verapamil,COc1ccc(CCN(C)CCCC(C#N)(c2ccc(OC)c(OC)c2)C(C)C)cc1OC,,,b3db_exact_label_mismatch|b3db_salt_removed_label_mismatch
tdc_original_prompt,train,1313,train:1313,COc1cc(NCc2ccc3nc(N)nc(N)c3c2C)cc(OC)c1OC,0,True,,COc1cc(NCc2ccc3nc(N)nc(N)c3c2C)cc(OC)c1OC,COc1cc(NCc2ccc3nc(N)nc(N)c3c2C)cc(OC)c1OC,1,unmatched,,,,,,,,,train:1313|train:1314,train:1313|train:1314,tdc_exact_label_conflict|tdc_salt_removed_label_conflict
tdc_original_prompt,train,1314,train:1314,COc1cc(NCc2ccc3nc(N)nc(N)c3c2C)cc(OC)c1OC,1,True,,COc1cc(NCc2ccc3nc(N)nc(N)c3c2C)cc(OC)c1OC,COc1cc(NCc2ccc3nc(N)nc(N)c3c2C)cc(OC)c1OC,1,unmatched,,,,,,,,,train:1313|train:1314,train:1313|train:1314,tdc_exact_label_conflict|tdc_salt_removed_label_conflict
tdc_original_prompt,train,1334,train:1334,CO/N=C(\C(=O)N[C@@H]1C(=O)N2C(C(=O)O)=C(COC(N)=O)CS[C@H]12)c1ccco1,1,True,,CO/N=C(\C(=O)N[C@@H]1C(=O)N2C(C(=O)O)=C(COC(N)=O)CS[C@H]12)c1ccco1,CO/N=C(\C(=O)N[C@@H]1C(=O)N2C(C(=O)O)=C(COC(N)=O)CS[C@H]12)c1ccco1,1,exact,0,0,B3DB_classification:4876,cefuroxim,CO/N=C(\C(=O)N[C@@H]1C(=O)N2C(C(=O)O)=C(COC(N)=O)CS[C@H]12)c1ccco1,B3DB_classification:4876,cefuroxim,CO/N=C(\C(=O)N[C@@H]1C(=O)N2C(C(=O)O)=C(COC(N)=O)CS[C@H]12)c1ccco1,,,b3db_exact_label_mismatch|b3db_salt_removed_label_mismatch
tdc_original_prompt,train,1351,train:1351,CCn1cc(C(=O)O)c(=O)c2cc(F)c(N3CCN(C)CC3)cc21,0,True,,CCn1cc(C(=O)O)c(=O)c2cc(F)c(N3CCN(C)CC3)cc21,CCn1cc(C(=O)O)c(=O)c2cc(F)c(N3CCN(C)CC3)cc21,1,exact,1,1,B3DB_classification:433,pefloxacin,CCn1cc(C(=O)O)c(=O)c2cc(F)c(N3CCN(C)CC3)cc21,B3DB_classification:433,pefloxacin,CCn1cc(C(=O)O)c(=O)c2cc(F)c(N3CCN(C)CC3)cc21,,,b3db_exact_label_mismatch|b3db_salt_removed_label_mismatch
tdc_original_prompt,train,1352,train:1352,CN1CCN(c2c(F)cc3c(=O)c(C(=O)O)cn(CCF)c3c2F)CC1,0,True,,CN1CCN(c2c(F)cc3c(=O)c(C(=O)O)cn(CCF)c3c2F)CC1,CN1CCN(c2c(F)cc3c(=O)c(C(=O)O)cn(CCF)c3c2F)CC1,1,exact,1,1,B3DB_classification:302,fleroxacin,CN1CCN(c2c(F)cc3c(=O)c(C(=O)O)cn(CCF)c3c2F)CC1,B3DB_classification:302,fleroxacin,CN1CCN(c2c(F)cc3c(=O)c(C(=O)O)cn(CCF)c3c2F)CC1,,,b3db_exact_label_mismatch|b3db_salt_removed_label_mismatch
tdc_original_prompt,train,1377,train:1377,CN(C)C(=O)C(CCN1CCC(O)(c2ccc(Cl)cc2)CC1)(c1ccccc1)c1ccccc1,1,True,,CN(C)C(=O)C(CCN1CCC(O)(c2ccc(Cl)cc2)CC1)(c1ccccc1)c1ccccc1,CN(C)C(=O)C(CCN1CCC(O)(c2ccc(Cl)cc2)CC1)(c1ccccc1)c1ccccc1,1,exact,1,1,B3DB_classification:912,loperamide(1+),CN(C)C(=O)C(CCN1CCC(O)(c2ccc(Cl)cc2)CC1)(c1ccccc1)c1ccccc1,B3DB_classification:912,loperamide(1+),CN(C)C(=O)C(CCN1CCC(O)(c2ccc(Cl)cc2)CC1)(c1ccccc1)c1ccccc1,train:1377|train:1378,train:1377|train:1378,tdc_exact_label_conflict|tdc_salt_removed_label_conflict
tdc_original_prompt,train,1378,train:1378,CN(C)C(=O)C(CCN1CCC(O)(c2ccc(Cl)cc2)CC1)(c1ccccc1)c1ccccc1,0,True,,CN(C)C(=O)C(CCN1CCC(O)(c2ccc(Cl)cc2)CC1)(c1ccccc1)c1ccccc1,CN(C)C(=O)C(CCN1CCC(O)(c2ccc(Cl)cc2)CC1)(c1ccccc1)c1ccccc1,1,exact,1,1,B3DB_classification:912,loperamide(1+),CN(C)C(=O)C(CCN1CCC(O)(c2ccc(Cl)cc2)CC1)(c1ccccc1)c1ccccc1,B3DB_classification:912,loperamide(1+),CN(C)C(=O)C(CCN1CCC(O)(c2ccc(Cl)cc2)CC1)(c1ccccc1)c1ccccc1,train:1377|train:1378,train:1377|train:1378,b3db_exact_label_mismatch|b3db_salt_removed_label_mismatch|tdc_exact_label_conflict|tdc_salt_removed_label_conflict
tdc_original_prompt,train,1393,train:1393,C[C@]12C[C@H](O)[C@H]3[C@@H](CCC4=CC(=O)CC[C@@]43C)[C@@H]1CC[C@]2(O)C(=O)CO,0,True,,C[C@]12CCC(=O)C=C1CC[C@@H]1[C@@H]2[C@@H](O)C[C@@]2(C)[C@H]1CC[C@]2(O)C(=O)CO,C[C@]12CCC(=O)C=C1CC[C@@H]1[C@@H]2[C@@H](O)C[C@@]2(C)[C@H]1CC[C@]2(O)C(=O)CO,1,exact,1,1,B3DB_classification:393,cortisol,C[C@]12C[C@H](O)[C@H]3[C@@H](CCC4=CC(=O)CC[C@@]43C)[C@@H]1CC[C@]2(O)C(=O)CO,B3DB_classification:393,cortisol,C[C@]12C[C@H](O)[C@H]3[C@@H](CCC4=CC(=O)CC[C@@]43C)[C@@H]1CC[C@]2(O)C(=O)CO,,,b3db_exact_label_mismatch|b3db_salt_removed_label_mismatch
tdc_original_prompt,train,1411,train:1411,CC(=O)[C@H]1CC[C@H]2[C@@H]3CCC4=CC(=O)CC[C@]4(C)[C@H]3CC[C@]12C,0,True,,CC(=O)[C@H]1CC[C@H]2[C@@H]3CCC4=CC(=O)CC[C@]4(C)[C@H]3CC[C@]12C,CC(=O)[C@H]1CC[C@H]2[C@@H]3CCC4=CC(=O)CC[C@]4(C)[C@H]3CC[C@]12C,1,exact,1,1,B3DB_classification:472,progesterone,CC(=O)[C@H]1CC[C@H]2[C@@H]3CCC4=CC(=O)CC[C@]4(C)[C@H]3CC[C@]12C,B3DB_classification:472,progesterone,CC(=O)[C@H]1CC[C@H]2[C@@H]3CCC4=CC(=O)CC[C@]4(C)[C@H]3CC[C@]12C,,,b3db_exact_label_mismatch|b3db_salt_removed_label_mismatch
tdc_original_prompt,valid,135,valid:135,O=c1[nH]c2ccccc2n1CCCN1CCC(n2c(=O)[nH]c3cc(Cl)ccc32)CC1,0,True,,O=c1[nH]c2ccccc2n1CCCN1CCC(n2c(=O)[nH]c3cc(Cl)ccc32)CC1,O=c1[nH]c2ccccc2n1CCCN1CCC(n2c(=O)[nH]c3cc(Cl)ccc32)CC1,1,exact,1,1,B3DB_classification:172,domperidone,O=c1[nH]c2ccccc2n1CCCN1CCC(n2c(=O)[nH]c3cc(Cl)ccc32)CC1,B3DB_classification:172,domperidone,O=c1[nH]c2ccccc2n1CCCN1CCC(n2c(=O)[nH]c3cc(Cl)ccc32)CC1,,,b3db_exact_label_mismatch|b3db_salt_removed_label_mismatch
tdc_original_prompt,valid,152,valid:152,CCOC(=O)N1CCC(=C2c3ccc(Cl)cc3CCc3cccnc32)CC1,0,True,,CCOC(=O)N1CCC(=C2c3ccc(Cl)cc3CCc3cccnc32)CC1,CCOC(=O)N1CCC(=C2c3ccc(Cl)cc3CCc3cccnc32)CC1,1,exact,1,1,B3DB_classification:359,loratadine,CCOC(=O)N1CCC(=C2c3ccc(Cl)cc3CCc3cccnc32)CC1,B3DB_classification:359,loratadine,CCOC(=O)N1CCC(=C2c3ccc(Cl)cc3CCc3cccnc32)CC1,valid:152|valid:153,valid:152|valid:153,b3db_exact_label_mismatch|b3db_salt_removed_label_mismatch|tdc_exact_label_conflict|tdc_salt_removed_label_conflict
tdc_original_prompt,valid,153,valid:153,CCOC(=O)N1CCC(=C2c3ccc(Cl)cc3CCc3cccnc32)CC1,1,True,,CCOC(=O)N1CCC(=C2c3ccc(Cl)cc3CCc3cccnc32)CC1,CCOC(=O)N1CCC(=C2c3ccc(Cl)cc3CCc3cccnc32)CC1,1,exact,1,1,B3DB_classification:359,loratadine,CCOC(=O)N1CCC(=C2c3ccc(Cl)cc3CCc3cccnc32)CC1,B3DB_classification:359,loratadine,CCOC(=O)N1CCC(=C2c3ccc(Cl)cc3CCc3cccnc32)CC1,valid:152|valid:153,valid:152|valid:153,tdc_exact_label_conflict|tdc_salt_removed_label_conflict
tdc_original_prompt,valid,168,valid:168,CCN1CCCC1CNC(=O)c1cc(S(N)(=O)=O)ccc1OC,1,True,,CCN1CCCC1CNC(=O)c1cc(S(N)(=O)=O)ccc1OC,CCN1CCCC1CNC(=O)c1cc(S(N)(=O)=O)ccc1OC,1,exact,0,0,B3DB_classification:114,sulpiride,CCN1CCCC1CNC(=O)c1cc(S(N)(=O)=O)ccc1OC,B3DB_classification:114,sulpiride,CCN1CCCC1CNC(=O)c1cc(S(N)(=O)=O)ccc1OC,,,b3db_exact_label_mismatch|b3db_salt_removed_label_mismatch
tdc_original_prompt,valid,171,valid:171,CC(C)NCC(O)COc1cccc2ccccc12.[Cl],1,True,,CC(C)NCC(O)COc1cccc2ccccc12.[Cl],CC(C)NCC(O)COc1cccc2ccccc12,2,salt_removed,,1,,,,B3DB_classification:884,upcmld-dp067,CC(C)NCC(O)COc1cccc2ccccc12,,valid:171|valid:173,salt_removed_changed|tdc_salt_removed_label_conflict
tdc_original_prompt,valid,173,valid:173,CC(C)NCC(O)COc1cccc2ccccc12,0,True,,CC(C)NCC(O)COc1cccc2ccccc12,CC(C)NCC(O)COc1cccc2ccccc12,1,exact,1,1,B3DB_classification:884,upcmld-dp067,CC(C)NCC(O)COc1cccc2ccccc12,B3DB_classification:884,upcmld-dp067,CC(C)NCC(O)COc1cccc2ccccc12,,valid:171|valid:173,b3db_exact_label_mismatch|b3db_salt_removed_label_mismatch|tdc_salt_removed_label_conflict
tdc_original_prompt,test,24,test:24,CN(C)CCc1c[nH]c2ccc(O)cc12,1,True,,CN(C)CCc1c[nH]c2ccc(O)cc12,CN(C)CCc1c[nH]c2ccc(O)cc12,1,exact,0,0,B3DB_classification:103,bufotenine,CN(C)CCc1c[nH]c2ccc(O)cc12,B3DB_classification:103,bufotenine,CN(C)CCc1c[nH]c2ccc(O)cc12,,,b3db_exact_label_mismatch|b3db_salt_removed_label_mismatch
tdc_original_prompt,test,155,test:155,CC(C)(C)NCC(O)COc1cccc2c1CCC(=O)N2,0,True,,CC(C)(C)NCC(O)COc1cccc2c1CCC(=O)N2,CC(C)(C)NCC(O)COc1cccc2c1CCC(=O)N2,1,exact,1,1,B3DB_classification:310,carteolol,CC(C)(C)NCC(O)COc1cccc2c1CCC(=O)N2,B3DB_classification:310,carteolol,CC(C)(C)NCC(O)COc1cccc2c1CCC(=O)N2,,,b3db_exact_label_mismatch|b3db_salt_removed_label_mismatch
tdc_original_prompt,test,175,test:175,Clc1ccc(COC(Cn2ccnc2)c2ccc(Cl)cc2Cl)c(Cl)c1,0,True,,Clc1ccc(COC(Cn2ccnc2)c2ccc(Cl)cc2Cl)c(Cl)c1,Clc1ccc(COC(Cn2ccnc2)c2ccc(Cl)cc2Cl)c(Cl)c1,1,unmatched,,,,,,,,,test:175|test:176,test:175|test:176,tdc_exact_label_conflict|tdc_salt_removed_label_conflict
tdc_original_prompt,test,176,test:176,Clc1ccc(COC(Cn2ccnc2)c2ccc(Cl)cc2Cl)c(Cl)c1,1,True,,Clc1ccc(COC(Cn2ccnc2)c2ccc(Cl)cc2Cl)c(Cl)c1,Clc1ccc(COC(Cn2ccnc2)c2ccc(Cl)cc2Cl)c(Cl)c1,1,unmatched,,,,,,,,,test:175|test:176,test:175|test:176,tdc_exact_label_conflict|tdc_salt_removed_label_conflict
tdc_original_prompt,test,199,test:199,OCCN(CCO)c1nc(N2CCCCC2)c2nc(N(CCO)CCO)nc(N3CCCCC3)c2n1,0,True,,OCCN(CCO)c1nc(N2CCCCC2)c2nc(N(CCO)CCO)nc(N3CCCCC3)c2n1,OCCN(CCO)c1nc(N2CCCCC2)c2nc(N(CCO)CCO)nc(N3CCCCC3)c2n1,1,exact,1,1,B3DB_classification:561,dipyridamole,OCCN(CCO)c1nc(N2CCCCC2)c2nc(N(CCO)CCO)nc(N3CCCCC3)c2n1,B3DB_classification:561,dipyridamole,OCCN(CCO)c1nc(N2CCCCC2)c2nc(N(CCO)CCO)nc(N3CCCCC3)c2n1,,,b3db_exact_label_mismatch|b3db_salt_removed_label_mismatch
tdc_original_prompt,test,243,test:243,C[C@H]1CN(c2c(F)c(N)c3c(=O)c(C(=O)O)cn(C4CC4)c3c2F)C[C@@H](C)N1,0,True,,C[C@@H]1CN(c2c(F)c(N)c3c(=O)c(C(=O)O)cn(C4CC4)c3c2F)C[C@H](C)N1,C[C@@H]1CN(c2c(F)c(N)c3c(=O)c(C(=O)O)cn(C4CC4)c3c2F)C[C@H](C)N1,1,exact,1,1,B3DB_classification:789,sparfloxacin,C[C@H]1CN(c2c(F)c(N)c3c(=O)c(C(=O)O)cn(C4CC4)c3c2F)C[C@@H](C)N1,B3DB_classification:789,sparfloxacin,C[C@H]1CN(c2c(F)c(N)c3c(=O)c(C(=O)O)cn(C4CC4)c3c2F)C[C@@H](C)N1,,,b3db_exact_label_mismatch|b3db_salt_removed_label_mismatch
tdc_original_prompt,test,324,test:324,CC(C)(C(=O)O)c1ccc(C(O)CCCN2CCC(C(O)(c3ccccc3)c3ccccc3)CC2)cc1,0,True,,CC(C)(C(=O)O)c1ccc(C(O)CCCN2CCC(C(O)(c3ccccc3)c3ccccc3)CC2)cc1,CC(C)(C(=O)O)c1ccc(C(O)CCCN2CCC(C(O)(c3ccccc3)c3ccccc3)CC2)cc1,1,exact,1,1,B3DB_classification:129,fexofenadine (allegra),CC(C)(C(=O)O)c1ccc(C(O)CCCN2CCC(C(O)(c3ccccc3)c3ccccc3)CC2)cc1,B3DB_classification:129,fexofenadine (allegra),CC(C)(C(=O)O)c1ccc(C(O)CCCN2CCC(C(O)(c3ccccc3)c3ccccc3)CC2)cc1,,,b3db_exact_label_mismatch|b3db_salt_removed_label_mismatch
tdc_original_prompt,test,350,test:350,c1ccc2c(c1)Sc1ccccc1N2CC1CN2CCC1CC2,1,True,,c1ccc2c(c1)Sc1ccccc1N2CC1CN2CCC1CC2,c1ccc2c(c1)Sc1ccccc1N2CC1CN2CCC1CC2,1,unmatched,,,,,,,,,test:350|test:351,test:350|test:351,tdc_exact_label_conflict|tdc_salt_removed_label_conflict
tdc_original_prompt,test,351,test:351,c1ccc2c(c1)Sc1ccccc1N2CC1CN2CCC1CC2,0,True,,c1ccc2c(c1)Sc1ccccc1N2CC1CN2CCC1CC2,c1ccc2c(c1)Sc1ccccc1N2CC1CN2CCC1CC2,1,unmatched,,,,,,,,,test:350|test:351,test:350|test:351,tdc_exact_label_conflict|tdc_salt_removed_label_conflict
tdc_original_prompt,test,375,test:375,Nc1ccn([C@H]2CC[C@@H](CO)O2)c(=O)n1,1,True,,Nc1ccn([C@H]2CC[C@@H](CO)O2)c(=O)n1,Nc1ccn([C@H]2CC[C@@H](CO)O2)c(=O)n1,1,exact,0,0,B3DB_classification:102,"2',3'-dideoxycytidine (zalcitabine)",Nc1ccn([C@H]2CC[C@@H](CO)O2)c(=O)n1,B3DB_classification:102,"2',3'-dideoxycytidine (zalcitabine)",Nc1ccn([C@H]2CC[C@@H](CO)O2)c(=O)n1,,,b3db_exact_label_mismatch|b3db_salt_removed_label_mismatch
