relaxed_match_type,Y,labels_exact,labels_salt,row_id,smiles,noiso,noiso_salt,canonical_exact,canonical_salt_removed,in_r1_iso_exact,in_r1_iso_salt,in_r1_noiso_exact,in_r1_noiso_salt,any_r1_match
nonisomeric_exact,1,"(1,)","(1,)",train:13,Cc1cccc(C)c1OCC(C)N,Cc1cccc(C)c1OCC(C)N,Cc1cccc(C)c1OCC(C)N,Cc1cccc(C)c1OCC(C)N,Cc1cccc(C)c1OCC(C)N,True,True,True,True,True
nonisomeric_exact,1,"(0,)","(0,)",train:25,CCN(CC)C(=O)Nc1ccc(OCC(O)CNC(C)(C)C)c(C(C)=O)c1,CCN(CC)C(=O)Nc1ccc(OCC(O)CNC(C)(C)C)c(C(C)=O)c1,CCN(CC)C(=O)Nc1ccc(OCC(O)CNC(C)(C)C)c(C(C)=O)c1,CCN(CC)C(=O)Nc1ccc(OCC(O)CNC(C)(C)C)c(C(C)=O)c1,CCN(CC)C(=O)Nc1ccc(OCC(O)CNC(C)(C)C)c(C(C)=O)c1,True,True,True,True,True
nonisomeric_ambiguous,0,"(0, 1)","(0, 1)",train:40,O=C(NC(CO)C(O)c1ccc([N+](=O)[O-])cc1)C(Cl)Cl,O=C(NC(CO)C(O)c1ccc([N+](=O)[O-])cc1)C(Cl)Cl,O=C(NC(CO)C(O)c1ccc([N+](=O)[O-])cc1)C(Cl)Cl,O=C(NC(CO)C(O)c1ccc([N+](=O)[O-])cc1)C(Cl)Cl,O=C(NC(CO)C(O)c1ccc([N+](=O)[O-])cc1)C(Cl)Cl,True,True,True,True,True
unmatched,0,(),(),train:42,CCCNC(=O)NS(=O)(=O)c1ccc(Cl)cc1,CCCNC(=O)NS(=O)(=O)c1ccc(Cl)cc1,CCCNC(=O)NS(=O)(=O)c1ccc(Cl)cc1,CCCNC(=O)NS(=O)(=O)c1ccc(Cl)cc1,CCCNC(=O)NS(=O)(=O)c1ccc(Cl)cc1,True,True,True,True,True
unmatched,0,(),(),train:45,CCOC(=O)C(C)(C)Oc1ccc(Cl)cc1,CCOC(=O)C(C)(C)Oc1ccc(Cl)cc1,CCOC(=O)C(C)(C)Oc1ccc(Cl)cc1,CCOC(=O)C(C)(C)Oc1ccc(Cl)cc1,CCOC(=O)C(C)(C)Oc1ccc(Cl)cc1,True,True,True,True,True
nonisomeric_exact,0,"(0,)","(0,)",train:85,CNCC(O)c1ccc(OC(=O)C(C)(C)C)c(OC(=O)C(C)(C)C)c1,CNCC(O)c1ccc(OC(=O)C(C)(C)C)c(OC(=O)C(C)(C)C)c1,CNCC(O)c1ccc(OC(=O)C(C)(C)C)c(OC(=O)C(C)(C)C)c1,CNCC(O)c1ccc(OC(=O)C(C)(C)C)c(OC(=O)C(C)(C)C)c1,CNCC(O)c1ccc(OC(=O)C(C)(C)C)c(OC(=O)C(C)(C)C)c1,True,True,True,True,True
unmatched,1,(),(),train:88,N=C(N)NCCCOc1ccccc1,N=C(N)NCCCOc1ccccc1,N=C(N)NCCCOc1ccccc1,N=C(N)NCCCOc1ccccc1,N=C(N)NCCCOc1ccccc1,True,True,True,True,True
nonisomeric_exact,0,"(0,)","(0,)",train:90,C[C@](N)(Cc1ccc(O)c(O)c1)C(=O)O,CC(N)(Cc1ccc(O)c(O)c1)C(=O)O,CC(N)(Cc1ccc(O)c(O)c1)C(=O)O,C[C@](N)(Cc1ccc(O)c(O)c1)C(=O)O,C[C@](N)(Cc1ccc(O)c(O)c1)C(=O)O,True,True,True,True,True
unmatched,0,(),(),train:92,CC(=O)Nc1c(I)c(NC(C)=O)c(I)c(C(=O)[O-])c1I.[Na+],CC(=O)Nc1c(I)c(NC(C)=O)c(I)c(C(=O)[O-])c1I.[Na+],CC(=O)Nc1c(I)c(NC(C)=O)c(I)c(C(=O)[O-])c1I,CC(=O)Nc1c(I)c(NC(C)=O)c(I)c(C(=O)[O-])c1I.[Na+],CC(=O)Nc1c(I)c(NC(C)=O)c(I)c(C(=O)[O-])c1I,True,True,True,True,True
unmatched,0,(),(),train:116,CCCCNC(=O)NS(=O)(=O)c1ccc(C)cc1,CCCCNC(=O)NS(=O)(=O)c1ccc(C)cc1,CCCCNC(=O)NS(=O)(=O)c1ccc(C)cc1,CCCCNC(=O)NS(=O)(=O)c1ccc(C)cc1,CCCCNC(=O)NS(=O)(=O)c1ccc(C)cc1,True,True,True,True,True
unmatched,1,(),(),train:122,CNNCc1ccc(C(=O)NC(C)C)cc1,CNNCc1ccc(C(=O)NC(C)C)cc1,CNNCc1ccc(C(=O)NC(C)C)cc1,CNNCc1ccc(C(=O)NC(C)C)cc1,CNNCc1ccc(C(=O)NC(C)C)cc1,True,True,True,True,True
nonisomeric_exact,0,"(0,)","(0,)",train:140,C[C@]12CC[C@@H]3c4ccc(O)cc4CC[C@H]3[C@@H]1CC[C@@H]2O,CC12CCC3c4ccc(O)cc4CCC3C1CCC2O,CC12CCC3c4ccc(O)cc4CCC3C1CCC2O,C[C@]12CC[C@@H]3c4ccc(O)cc4CC[C@H]3[C@@H]1CC[C@@H]2O,C[C@]12CC[C@@H]3c4ccc(O)cc4CC[C@H]3[C@@H]1CC[C@@H]2O,True,True,True,True,True
unmatched,1,(),(),train:151,C#CC1(OC(N)=O)CCCCC1,C#CC1(OC(N)=O)CCCCC1,C#CC1(OC(N)=O)CCCCC1,C#CC1(OC(N)=O)CCCCC1,C#CC1(OC(N)=O)CCCCC1,True,True,True,True,True
unmatched,1,(),(),train:178,Cc1noc(NS(=O)(=O)c2ccc(N)cc2)c1C,Cc1noc(NS(=O)(=O)c2ccc(N)cc2)c1C,Cc1noc(NS(=O)(=O)c2ccc(N)cc2)c1C,Cc1noc(NS(=O)(=O)c2ccc(N)cc2)c1C,Cc1noc(NS(=O)(=O)c2ccc(N)cc2)c1C,True,True,True,True,True
nonisomeric_exact,1,"(0,)","(0,)",train:200,NCC[C@H](O)C(=O)N[C@@H]1C[C@H](N)[C@@H](O[C@H]2O[C@H](CN)[C@@H](O)[C@H](O)[C@H]2O)[C@H](O)[C@H]1O[C@H]1O[C@H](CO)[C@@H](O)[C@H](N)[C@H]1O,NCCC(O)C(=O)NC1CC(N)C(OC2OC(CN)C(O)C(O)C2O)C(O)C1OC1OC(CO)C(O)C(N)C1O,NCCC(O)C(=O)NC1CC(N)C(OC2OC(CN)C(O)C(O)C2O)C(O)C1OC1OC(CO)C(O)C(N)C1O,NCC[C@H](O)C(=O)N[C@@H]1C[C@H](N)[C@@H](O[C@H]2O[C@H](CN)[C@@H](O)[C@H](O)[C@H]2O)[C@H](O)[C@H]1O[C@H]1O[C@H](CO)[C@@H](O)[C@H](N)[C@H]1O,NCC[C@H](O)C(=O)N[C@@H]1C[C@H](N)[C@@H](O[C@H]2O[C@H](CN)[C@@H](O)[C@H](O)[C@H]2O)[C@H](O)[C@H]1O[C@H]1O[C@H](CO)[C@@H](O)[C@H](N)[C@H]1O,True,True,True,True,True
unmatched,1,(),(),train:211,O=C1C(O)=C(O)OC1C(O)CO,O=C1C(O)=C(O)OC1C(O)CO,O=C1C(O)=C(O)OC1C(O)CO,O=C1C(O)=C(O)OC1C(O)CO,O=C1C(O)=C(O)OC1C(O)CO,True,True,True,True,True
nonisomeric_ambiguous,0,"(0, 1)","(0, 1)",train:228,CN(C)CCC(c1ccccc1)c1ccccn1,CN(C)CCC(c1ccccc1)c1ccccn1,CN(C)CCC(c1ccccc1)c1ccccn1,CN(C)CCC(c1ccccc1)c1ccccn1,CN(C)CCC(c1ccccc1)c1ccccn1,True,True,True,True,True
unmatched,0,(),(),train:234,Cc1ccc(Cl)c(Nc2ccccc2C(=O)O)c1Cl,Cc1ccc(Cl)c(Nc2ccccc2C(=O)O)c1Cl,Cc1ccc(Cl)c(Nc2ccccc2C(=O)O)c1Cl,Cc1ccc(Cl)c(Nc2ccccc2C(=O)O)c1Cl,Cc1ccc(Cl)c(Nc2ccccc2C(=O)O)c1Cl,True,True,True,True,True
unmatched,0,(),(),train:235,Cc1cccc(Nc2ccccc2C(=O)O)c1C,Cc1cccc(Nc2ccccc2C(=O)O)c1C,Cc1cccc(Nc2ccccc2C(=O)O)c1C,Cc1cccc(Nc2ccccc2C(=O)O)c1C,Cc1cccc(Nc2ccccc2C(=O)O)c1C,True,True,True,True,True
unmatched,1,(),(),train:237,CC1(C)S[C@@H]2[C@H](NC(=O)[C@H](C(=O)[O-])c3ccsc3)C(=O)N2[C@H]1C(=O)[O-].[Na+].[Na+],CC1(C)SC2C(NC(=O)C(C(=O)[O-])c3ccsc3)C(=O)N2C1C(=O)[O-].[Na+].[Na+],CC1(C)SC2C(NC(=O)C(C(=O)[O-])c3ccsc3)C(=O)N2C1C(=O)[O-],CC1(C)S[C@@H]2[C@H](NC(=O)[C@H](C(=O)[O-])c3ccsc3)C(=O)N2[C@H]1C(=O)[O-].[Na+].[Na+],CC1(C)S[C@@H]2[C@H](NC(=O)[C@H](C(=O)[O-])c3ccsc3)C(=O)N2[C@H]1C(=O)[O-],True,True,True,True,True
unmatched,1,(),(),train:262,CN(C)N/N=C1/N=CN=C1C(N)=O,CN(C)NN=C1N=CN=C1C(N)=O,CN(C)NN=C1N=CN=C1C(N)=O,CN(C)N/N=C1/N=CN=C1C(N)=O,CN(C)N/N=C1/N=CN=C1C(N)=O,True,True,True,True,True
unmatched,0,(),(),train:288,CN(C)[C@@H]1C(=O)/C(=C(\N)O)C(=O)[C@@]2(O)C(=O)C3=C(O)c4c(O)ccc([N+](=O)[O-])c4C[C@H]3C[C@@H]12,CN(C)C1C(=O)C(=C(N)O)C(=O)C2(O)C(=O)C3=C(O)c4c(O)ccc([N+](=O)[O-])c4CC3CC12,CN(C)C1C(=O)C(=C(N)O)C(=O)C2(O)C(=O)C3=C(O)c4c(O)ccc([N+](=O)[O-])c4CC3CC12,CN(C)[C@@H]1C(=O)/C(=C(\N)O)C(=O)[C@@]2(O)C(=O)C3=C(O)c4c(O)ccc([N+](=O)[O-])c4C[C@H]3C[C@@H]12,CN(C)[C@@H]1C(=O)/C(=C(\N)O)C(=O)[C@@]2(O)C(=O)C3=C(O)c4c(O)ccc([N+](=O)[O-])c4C[C@H]3C[C@@H]12,True,True,True,True,True
unmatched,0,(),(),train:289,CN(C)[C@@H]1C(=O)/C(=C(\N)O)C(=O)[C@@]2(O)C(=O)C3=C(O)c4c(ccc(N)c4O)C[C@H]3C[C@@H]12,CN(C)C1C(=O)C(=C(N)O)C(=O)C2(O)C(=O)C3=C(O)c4c(ccc(N)c4O)CC3CC12,CN(C)C1C(=O)C(=C(N)O)C(=O)C2(O)C(=O)C3=C(O)c4c(ccc(N)c4O)CC3CC12,CN(C)[C@@H]1C(=O)/C(=C(\N)O)C(=O)[C@@]2(O)C(=O)C3=C(O)c4c(ccc(N)c4O)C[C@H]3C[C@@H]12,CN(C)[C@@H]1C(=O)/C(=C(\N)O)C(=O)[C@@]2(O)C(=O)C3=C(O)c4c(ccc(N)c4O)C[C@H]3C[C@@H]12,True,True,True,True,True
unmatched,0,(),(),train:290,C[C@H]1c2cccc(O)c2C(O)=C2C(=O)[C@]3(O)C(=O)/C(=C(/N)O)C(=O)[C@@H](N(C)C)[C@@H]3[C@@H](O)[C@@H]21.O,CC1c2cccc(O)c2C(O)=C2C(=O)C3(O)C(=O)C(=C(N)O)C(=O)C(N(C)C)C3C(O)C21.O,CC1c2cccc(O)c2C(O)=C2C(=O)C3(O)C(=O)C(=C(N)O)C(=O)C(N(C)C)C3C(O)C21,C[C@H]1c2cccc(O)c2C(O)=C2C(=O)[C@]3(O)C(=O)/C(=C(/N)O)C(=O)[C@@H](N(C)C)[C@@H]3[C@@H](O)[C@@H]21.O,C[C@H]1c2cccc(O)c2C(O)=C2C(=O)[C@]3(O)C(=O)/C(=C(/N)O)C(=O)[C@@H](N(C)C)[C@@H]3[C@@H](O)[C@@H]21,True,True,True,True,True
unmatched,0,(),(),train:291,CN(C)[C@@H]1C(=O)/C(=C(/N)O)C(=O)[C@@]2(O)C(=O)C3=C(O)c4c(O)ccc(Cl)c4[C@@](C)(O)[C@H]3C[C@@H]12.[Cl-].[H+],CN(C)C1C(=O)C(=C(N)O)C(=O)C2(O)C(=O)C3=C(O)c4c(O)ccc(Cl)c4C(C)(O)C3CC12.[Cl-].[H+],CN(C)C1C(=O)C(=C(N)O)C(=O)C2(O)C(=O)C3=C(O)c4c(O)ccc(Cl)c4C(C)(O)C3CC12,CN(C)[C@@H]1C(=O)/C(=C(/N)O)C(=O)[C@@]2(O)C(=O)C3=C(O)c4c(O)ccc(Cl)c4[C@@](C)(O)[C@H]3C[C@@H]12.[Cl-].[H+],CN(C)[C@@H]1C(=O)/C(=C(/N)O)C(=O)[C@@]2(O)C(=O)C3=C(O)c4c(O)ccc(Cl)c4[C@@](C)(O)[C@H]3C[C@@H]12,True,True,True,True,True
unmatched,0,(),(),train:292,CN(C)[C@@H]1C(=O)/C(=C(\N)O)C(=O)[C@@]2(O)C(=O)C3=C(O)c4c(O)cccc4[C@@](C)(O)[C@H]3C[C@@H]12,CN(C)C1C(=O)C(=C(N)O)C(=O)C2(O)C(=O)C3=C(O)c4c(O)cccc4C(C)(O)C3CC12,CN(C)C1C(=O)C(=C(N)O)C(=O)C2(O)C(=O)C3=C(O)c4c(O)cccc4C(C)(O)C3CC12,CN(C)[C@@H]1C(=O)/C(=C(\N)O)C(=O)[C@@]2(O)C(=O)C3=C(O)c4c(O)cccc4[C@@](C)(O)[C@H]3C[C@@H]12,CN(C)[C@@H]1C(=O)/C(=C(\N)O)C(=O)[C@@]2(O)C(=O)C3=C(O)c4c(O)cccc4[C@@](C)(O)[C@H]3C[C@@H]12,True,True,True,True,True
unmatched,0,(),(),train:293,CN(C)[C@@H]1C(=O)/C(=C(\N)O)C(=O)[C@@]2(O)C(=O)C3=C(O)c4c(O)ccc(Cl)c4[C@@H](O)[C@H]3C[C@@H]12,CN(C)C1C(=O)C(=C(N)O)C(=O)C2(O)C(=O)C3=C(O)c4c(O)ccc(Cl)c4C(O)C3CC12,CN(C)C1C(=O)C(=C(N)O)C(=O)C2(O)C(=O)C3=C(O)c4c(O)ccc(Cl)c4C(O)C3CC12,CN(C)[C@@H]1C(=O)/C(=C(\N)O)C(=O)[C@@]2(O)C(=O)C3=C(O)c4c(O)ccc(Cl)c4[C@@H](O)[C@H]3C[C@@H]12,CN(C)[C@@H]1C(=O)/C(=C(\N)O)C(=O)[C@@]2(O)C(=O)C3=C(O)c4c(O)ccc(Cl)c4[C@@H](O)[C@H]3C[C@@H]12,True,True,True,True,True
unmatched,0,(),(),train:294,CN(C)[C@@H]1C(=O)/C(=C(\N)O)C(=O)[C@@]2(O)C(=O)C3=C(O)c4c(O)ccc(Cl)c4[C@@](C)(O)[C@H]3C[C@@H]12,CN(C)C1C(=O)C(=C(N)O)C(=O)C2(O)C(=O)C3=C(O)c4c(O)ccc(Cl)c4C(C)(O)C3CC12,CN(C)C1C(=O)C(=C(N)O)C(=O)C2(O)C(=O)C3=C(O)c4c(O)ccc(Cl)c4C(C)(O)C3CC12,CN(C)[C@@H]1C(=O)/C(=C(\N)O)C(=O)[C@@]2(O)C(=O)C3=C(O)c4c(O)ccc(Cl)c4[C@@](C)(O)[C@H]3C[C@@H]12,CN(C)[C@@H]1C(=O)/C(=C(\N)O)C(=O)[C@@]2(O)C(=O)C3=C(O)c4c(O)ccc(Cl)c4[C@@](C)(O)[C@H]3C[C@@H]12,True,True,True,True,True
unmatched,0,(),(),train:295,CN(C)[C@@H]1C(=O)/C(=C(/O)NCO)C(=O)[C@@]2(O)C(=O)C3=C(O)c4c(O)ccc(Cl)c4[C@@](C)(O)[C@H]3C[C@@H]12,CN(C)C1C(=O)C(=C(O)NCO)C(=O)C2(O)C(=O)C3=C(O)c4c(O)ccc(Cl)c4C(C)(O)C3CC12,CN(C)C1C(=O)C(=C(O)NCO)C(=O)C2(O)C(=O)C3=C(O)c4c(O)ccc(Cl)c4C(C)(O)C3CC12,CN(C)[C@@H]1C(=O)/C(=C(/O)NCO)C(=O)[C@@]2(O)C(=O)C3=C(O)c4c(O)ccc(Cl)c4[C@@](C)(O)[C@H]3C[C@@H]12,CN(C)[C@@H]1C(=O)/C(=C(/O)NCO)C(=O)[C@@]2(O)C(=O)C3=C(O)c4c(O)ccc(Cl)c4[C@@](C)(O)[C@H]3C[C@@H]12,True,True,True,True,True
unmatched,0,(),(),train:296,CN(C)[C@@H]1C(=O)/C(=C(\N)O)C(=O)[C@@]2(O)C(=O)C3=C(O)c4c(O)cccc4[C@@H](O)[C@H]3C[C@@H]12,CN(C)C1C(=O)C(=C(N)O)C(=O)C2(O)C(=O)C3=C(O)c4c(O)cccc4C(O)C3CC12,CN(C)C1C(=O)C(=C(N)O)C(=O)C2(O)C(=O)C3=C(O)c4c(O)cccc4C(O)C3CC12,CN(C)[C@@H]1C(=O)/C(=C(\N)O)C(=O)[C@@]2(O)C(=O)C3=C(O)c4c(O)cccc4[C@@H](O)[C@H]3C[C@@H]12,CN(C)[C@@H]1C(=O)/C(=C(\N)O)C(=O)[C@@]2(O)C(=O)C3=C(O)c4c(O)cccc4[C@@H](O)[C@H]3C[C@@H]12,True,True,True,True,True
unmatched,0,(),(),train:297,CN(C)[C@@H]1C(=O)/C(=C(\N)O)C(=O)[C@@]2(O)C(=O)C3=C(O)c4c(O)cccc4[C@@](C)(O)[C@H]3[C@H](O)[C@@H]12.O.O,CN(C)C1C(=O)C(=C(N)O)C(=O)C2(O)C(=O)C3=C(O)c4c(O)cccc4C(C)(O)C3C(O)C12.O.O,CN(C)C1C(=O)C(=C(N)O)C(=O)C2(O)C(=O)C3=C(O)c4c(O)cccc4C(C)(O)C3C(O)C12,CN(C)[C@@H]1C(=O)/C(=C(\N)O)C(=O)[C@@]2(O)C(=O)C3=C(O)c4c(O)cccc4[C@@](C)(O)[C@H]3[C@H](O)[C@@H]12.O.O,CN(C)[C@@H]1C(=O)/C(=C(\N)O)C(=O)[C@@]2(O)C(=O)C3=C(O)c4c(O)cccc4[C@@](C)(O)[C@H]3[C@H](O)[C@@H]12,True,True,True,True,True
unmatched,0,(),(),train:298,CN(C)[C@@H]1C(=O)/C(=C(\N)O)C(=O)[C@@]2(O)C(=O)C3=C(O)c4c(O)ccc(Cl)c4[C@@](C)(O)[C@H]3C[C@@H]12.[Cl-].[H+],CN(C)C1C(=O)C(=C(N)O)C(=O)C2(O)C(=O)C3=C(O)c4c(O)ccc(Cl)c4C(C)(O)C3CC12.[Cl-].[H+],CN(C)C1C(=O)C(=C(N)O)C(=O)C2(O)C(=O)C3=C(O)c4c(O)ccc(Cl)c4C(C)(O)C3CC12,CN(C)[C@@H]1C(=O)/C(=C(\N)O)C(=O)[C@@]2(O)C(=O)C3=C(O)c4c(O)ccc(Cl)c4[C@@](C)(O)[C@H]3C[C@@H]12.[Cl-].[H+],CN(C)[C@@H]1C(=O)/C(=C(\N)O)C(=O)[C@@]2(O)C(=O)C3=C(O)c4c(O)ccc(Cl)c4[C@@](C)(O)[C@H]3C[C@@H]12,True,True,True,True,True
unmatched,1,(),(),train:302,CN(C)[C@@H]1C(=O)/C(=C(/O)NCN2CCCC2)C(=O)[C@@]2(O)C(=O)C3=C(O)c4c(O)cccc4[C@@](C)(O)[C@H]3C[C@@H]12,CN(C)C1C(=O)C(=C(O)NCN2CCCC2)C(=O)C2(O)C(=O)C3=C(O)c4c(O)cccc4C(C)(O)C3CC12,CN(C)C1C(=O)C(=C(O)NCN2CCCC2)C(=O)C2(O)C(=O)C3=C(O)c4c(O)cccc4C(C)(O)C3CC12,CN(C)[C@@H]1C(=O)/C(=C(/O)NCN2CCCC2)C(=O)[C@@]2(O)C(=O)C3=C(O)c4c(O)cccc4[C@@](C)(O)[C@H]3C[C@@H]12,CN(C)[C@@H]1C(=O)/C(=C(/O)NCN2CCCC2)C(=O)[C@@]2(O)C(=O)C3=C(O)c4c(O)cccc4[C@@](C)(O)[C@H]3C[C@@H]12,True,True,True,True,True
nonisomeric_ambiguous,0,"(0, 1)","(0, 1)",train:307,CN1C2CCC1CC(OC(=O)C(O)c1ccccc1)C2,CN1C2CCC1CC(OC(=O)C(O)c1ccccc1)C2,CN1C2CCC1CC(OC(=O)C(O)c1ccccc1)C2,CN1C2CCC1CC(OC(=O)C(O)c1ccccc1)C2,CN1C2CCC1CC(OC(=O)C(O)c1ccccc1)C2,True,True,True,True,True
nonisomeric_exact,1,"(1,)","(1,)",train:316,C[C@H]1COc2c(N3CCN(C)CC3)c(F)cc3c(=O)c(C(=O)O)cn1c23,CC1COc2c(N3CCN(C)CC3)c(F)cc3c(=O)c(C(=O)O)cn1c23,CC1COc2c(N3CCN(C)CC3)c(F)cc3c(=O)c(C(=O)O)cn1c23,C[C@H]1COc2c(N3CCN(C)CC3)c(F)cc3c(=O)c(C(=O)O)cn1c23,C[C@H]1COc2c(N3CCN(C)CC3)c(F)cc3c(=O)c(C(=O)O)cn1c23,True,True,True,True,True
nonisomeric_exact,0,"(0,)","(0,)",train:345,CO/N=C(\C(=O)N[C@@H]1C(=O)N2C(C(=O)O)=C(CSC(=O)c3ccco3)CS[C@H]12)c1csc(N)n1,CON=C(C(=O)NC1C(=O)N2C(C(=O)O)=C(CSC(=O)c3ccco3)CSC12)c1csc(N)n1,CON=C(C(=O)NC1C(=O)N2C(C(=O)O)=C(CSC(=O)c3ccco3)CSC12)c1csc(N)n1,CO/N=C(\C(=O)N[C@@H]1C(=O)N2C(C(=O)O)=C(CSC(=O)c3ccco3)CS[C@H]12)c1csc(N)n1,CO/N=C(\C(=O)N[C@@H]1C(=O)N2C(C(=O)O)=C(CSC(=O)c3ccco3)CS[C@H]12)c1csc(N)n1,True,True,True,True,True
unmatched,0,(),(),train:358,CC1(C)S[C@@H]2[C@H](NC(=O)[C@H](NS(=O)(=O)[O-])c3ccccc3)C(=O)N2[C@H]1C(=O)[O-].[Na+].[Na+],CC1(C)SC2C(NC(=O)C(NS(=O)(=O)[O-])c3ccccc3)C(=O)N2C1C(=O)[O-].[Na+].[Na+],CC1(C)SC2C(NC(=O)C(NS(=O)(=O)[O-])c3ccccc3)C(=O)N2C1C(=O)[O-],CC1(C)S[C@@H]2[C@H](NC(=O)[C@H](NS(=O)(=O)[O-])c3ccccc3)C(=O)N2[C@H]1C(=O)[O-].[Na+].[Na+],CC1(C)S[C@@H]2[C@H](NC(=O)[C@H](NS(=O)(=O)[O-])c3ccccc3)C(=O)N2[C@H]1C(=O)[O-],True,True,True,True,True
nonisomeric_exact,0,"(0,)","(0,)",train:364,CC1(C)S[C@@H]2[C@H](NC(=O)C(C(=O)O)c3ccccc3)C(=O)N2[C@H]1C(=O)O,CC1(C)SC2C(NC(=O)C(C(=O)O)c3ccccc3)C(=O)N2C1C(=O)O,CC1(C)SC2C(NC(=O)C(C(=O)O)c3ccccc3)C(=O)N2C1C(=O)O,CC1(C)S[C@@H]2[C@H](NC(=O)C(C(=O)O)c3ccccc3)C(=O)N2[C@H]1C(=O)O,CC1(C)S[C@@H]2[C@H](NC(=O)C(C(=O)O)c3ccccc3)C(=O)N2[C@H]1C(=O)O,True,True,True,True,True
unmatched,0,(),(),train:367,O=C1C(=O)c2ccccc2C(O)=C1C1CCC(c2ccc(Cl)cc2)CC1,O=C1C(=O)c2ccccc2C(O)=C1C1CCC(c2ccc(Cl)cc2)CC1,O=C1C(=O)c2ccccc2C(O)=C1C1CCC(c2ccc(Cl)cc2)CC1,O=C1C(=O)c2ccccc2C(O)=C1C1CCC(c2ccc(Cl)cc2)CC1,O=C1C(=O)c2ccccc2C(O)=C1C1CCC(c2ccc(Cl)cc2)CC1,True,True,True,True,True
unmatched,1,(),(),train:374,Cc1c[nH+][o+]c(C([NH])CC(C)C(C)(C)N(C(C)(C)C)C(C)(N)N)c1[O-],Cc1c[nH+][o+]c(C([NH])CC(C)C(C)(C)N(C(C)(C)C)C(C)(N)N)c1[O-],Cc1c[nH+][o+]c(C([NH])CC(C)C(C)(C)N(C(C)(C)C)C(C)(N)N)c1[O-],Cc1c[nH+][o+]c(C([NH])CC(C)C(C)(C)N(C(C)(C)C)C(C)(N)N)c1[O-],Cc1c[nH+][o+]c(C([NH])CC(C)C(C)(C)N(C(C)(C)C)C(C)(N)N)c1[O-],True,True,True,True,True
unmatched,1,(),(),train:383,CCN(CCO)CCn1c(Cc2ccccc2)nc2c1c(=O)n(C)c(=O)n2C,CCN(CCO)CCn1c(Cc2ccccc2)nc2c1c(=O)n(C)c(=O)n2C,CCN(CCO)CCn1c(Cc2ccccc2)nc2c1c(=O)n(C)c(=O)n2C,CCN(CCO)CCn1c(Cc2ccccc2)nc2c1c(=O)n(C)c(=O)n2C,CCN(CCO)CCn1c(Cc2ccccc2)nc2c1c(=O)n(C)c(=O)n2C,True,True,True,True,True
unmatched,1,(),(),train:404,O=C1C=CC=C/C1=C1/NN=CO1,O=C1C=CC=CC1=C1NN=CO1,O=C1C=CC=CC1=C1NN=CO1,O=C1C=CC=C/C1=C1/NN=CO1,O=C1C=CC=C/C1=C1/NN=CO1,True,True,True,True,True
nonisomeric_ambiguous,1,"(0, 1)","(0, 1)",train:412,CCN1CCN(C(=O)N[C@@H](C(=O)N[C@@H]2C(=O)N3C(C(=O)O)=C(CSc4nnnn4C)CS[C@H]23)c2ccc(O)cc2)C(=O)C1=O,CCN1CCN(C(=O)NC(C(=O)NC2C(=O)N3C(C(=O)O)=C(CSc4nnnn4C)CSC23)c2ccc(O)cc2)C(=O)C1=O,CCN1CCN(C(=O)NC(C(=O)NC2C(=O)N3C(C(=O)O)=C(CSc4nnnn4C)CSC23)c2ccc(O)cc2)C(=O)C1=O,CCN1CCN(C(=O)N[C@@H](C(=O)N[C@@H]2C(=O)N3C(C(=O)O)=C(CSc4nnnn4C)CS[C@H]23)c2ccc(O)cc2)C(=O)C1=O,CCN1CCN(C(=O)N[C@@H](C(=O)N[C@@H]2C(=O)N3C(C(=O)O)=C(CSc4nnnn4C)CS[C@H]23)c2ccc(O)cc2)C(=O)C1=O,True,True,True,True,True
unmatched,1,(),(),train:415,COc1cc(Cc2cnc(N)nc2N)cc(OC)c1OC,COc1cc(Cc2cnc(N)nc2N)cc(OC)c1OC,COc1cc(Cc2cnc(N)nc2N)cc(OC)c1OC,COc1cc(Cc2cnc(N)nc2N)cc(OC)c1OC,COc1cc(Cc2cnc(N)nc2N)cc(OC)c1OC,True,True,True,True,True
unmatched,0,(),(),train:431,CO/N=C(\C(=O)N[C@@H]1C(=O)N2C(C(=O)O)=C(COC(C)=O)CS(=O)[C@H]12)c1csc(N)n1,CON=C(C(=O)NC1C(=O)N2C(C(=O)O)=C(COC(C)=O)CS(=O)C12)c1csc(N)n1,CON=C(C(=O)NC1C(=O)N2C(C(=O)O)=C(COC(C)=O)CS(=O)C12)c1csc(N)n1,CO/N=C(\C(=O)N[C@@H]1C(=O)N2C(C(=O)O)=C(COC(C)=O)CS(=O)[C@H]12)c1csc(N)n1,CO/N=C(\C(=O)N[C@@H]1C(=O)N2C(C(=O)O)=C(COC(C)=O)CS(=O)[C@H]12)c1csc(N)n1,True,True,True,True,True
nonisomeric_exact,1,"(1,)","(1,)",train:440,CCNC1C2CCC(C2)C1c1ccccc1,CCNC1C2CCC(C2)C1c1ccccc1,CCNC1C2CCC(C2)C1c1ccccc1,CCNC1C2CCC(C2)C1c1ccccc1,CCNC1C2CCC(C2)C1c1ccccc1,True,True,True,True,True
unmatched,0,(),(),train:441,CN(CCN(C)CN/C(O)=C1\C(=O)[C@@H](N(C)C)[C@@H]2C[C@H]3C(=C(O)c4c(O)cccc4[C@@]3(C)O)C(=O)[C@]2(O)C1=O)CN/C(O)=C1\C(=O)[C@@H](N(C)C)[C@@H]2C[C@H]3C(=C(O)c4c(O)cccc4[C@@]3(C)O)C(=O)[C@]2(O)C1=O,CN(CCN(C)CNC(O)=C1C(=O)C(N(C)C)C2CC3C(=C(O)c4c(O)cccc4C3(C)O)C(=O)C2(O)C1=O)CNC(O)=C1C(=O)C(N(C)C)C2CC3C(=C(O)c4c(O)cccc4C3(C)O)C(=O)C2(O)C1=O,CN(CCN(C)CNC(O)=C1C(=O)C(N(C)C)C2CC3C(=C(O)c4c(O)cccc4C3(C)O)C(=O)C2(O)C1=O)CNC(O)=C1C(=O)C(N(C)C)C2CC3C(=C(O)c4c(O)cccc4C3(C)O)C(=O)C2(O)C1=O,CN(CCN(C)CN/C(O)=C1\C(=O)[C@@H](N(C)C)[C@@H]2C[C@H]3C(=C(O)c4c(O)cccc4[C@@]3(C)O)C(=O)[C@]2(O)C1=O)CN/C(O)=C1\C(=O)[C@@H](N(C)C)[C@@H]2C[C@H]3C(=C(O)c4c(O)cccc4[C@@]3(C)O)C(=O)[C@]2(O)C1=O,CN(CCN(C)CN/C(O)=C1\C(=O)[C@@H](N(C)C)[C@@H]2C[C@H]3C(=C(O)c4c(O)cccc4[C@@]3(C)O)C(=O)[C@]2(O)C1=O)CN/C(O)=C1\C(=O)[C@@H](N(C)C)[C@@H]2C[C@H]3C(=C(O)c4c(O)cccc4[C@@]3(C)O)C(=O)[C@]2(O)C1=O,True,True,True,True,True
nonisomeric_exact,0,"(0,)","(0,)",train:449,CCOC(=O)C1=C(C)NC(C)=C(C(=O)OC)C1c1cccc([N+](=O)[O-])c1,CCOC(=O)C1=C(C)NC(C)=C(C(=O)OC)C1c1cccc([N+](=O)[O-])c1,CCOC(=O)C1=C(C)NC(C)=C(C(=O)OC)C1c1cccc([N+](=O)[O-])c1,CCOC(=O)C1=C(C)NC(C)=C(C(=O)OC)C1c1cccc([N+](=O)[O-])c1,CCOC(=O)C1=C(C)NC(C)=C(C(=O)OC)C1c1cccc([N+](=O)[O-])c1,True,True,True,True,True
unmatched,0,(),(),train:451,COC(=O)C1=C(C)NC(C)=C(C(=O)OC)C1c1ccccc1[N+](=O)[O-],COC(=O)C1=C(C)NC(C)=C(C(=O)OC)C1c1ccccc1[N+](=O)[O-],COC(=O)C1=C(C)NC(C)=C(C(=O)OC)C1c1ccccc1[N+](=O)[O-],COC(=O)C1=C(C)NC(C)=C(C(=O)OC)C1c1ccccc1[N+](=O)[O-],COC(=O)C1=C(C)NC(C)=C(C(=O)OC)C1c1ccccc1[N+](=O)[O-],True,True,True,True,True
unmatched,1,(),(),train:461,O=C(O)CCCCCC[NH2+]C1c2ccccc2CCc2ccccc21.[Cl-],O=C(O)CCCCCC[NH2+]C1c2ccccc2CCc2ccccc21.[Cl-],O=C(O)CCCCCC[NH2+]C1c2ccccc2CCc2ccccc21,O=C(O)CCCCCC[NH2+]C1c2ccccc2CCc2ccccc21.[Cl-],O=C(O)CCCCCC[NH2+]C1c2ccccc2CCc2ccccc21,True,True,True,True,True
nonisomeric_exact,0,"(0,)","(0,)",train:477,CO[C@H]1/C=C/O[C@@]2(C)Oc3c(C)c(O)c4c(c3C2=O)C2=NC3(CCN(CC(C)C)CC3)NC2=C(NC(=O)/C(C)=C\C=C\[C@H](C)[C@H](O)[C@@H](C)[C@@H](O)[C@@H](C)[C@H](OC(C)=O)[C@@H]1C)C4=O,COC1C=COC2(C)Oc3c(C)c(O)c4c(c3C2=O)C2=NC3(CCN(CC(C)C)CC3)NC2=C(NC(=O)C(C)=CC=CC(C)C(O)C(C)C(O)C(C)C(OC(C)=O)C1C)C4=O,COC1C=COC2(C)Oc3c(C)c(O)c4c(c3C2=O)C2=NC3(CCN(CC(C)C)CC3)NC2=C(NC(=O)C(C)=CC=CC(C)C(O)C(C)C(O)C(C)C(OC(C)=O)C1C)C4=O,CO[C@H]1/C=C/O[C@@]2(C)Oc3c(C)c(O)c4c(c3C2=O)C2=NC3(CCN(CC(C)C)CC3)NC2=C(NC(=O)/C(C)=C\C=C\[C@H](C)[C@H](O)[C@@H](C)[C@@H](O)[C@@H](C)[C@H](OC(C)=O)[C@@H]1C)C4=O,CO[C@H]1/C=C/O[C@@]2(C)Oc3c(C)c(O)c4c(c3C2=O)C2=NC3(CCN(CC(C)C)CC3)NC2=C(NC(=O)/C(C)=C\C=C\[C@H](C)[C@H](O)[C@@H](C)[C@@H](O)[C@@H](C)[C@H](OC(C)=O)[C@@H]1C)C4=O,True,True,True,True,True
nonisomeric_exact,1,"(1,)","(1,)",train:488,C[C@@H]1C[C@H]2[C@H]3[C@H]([C@@H](O)C[C@]2(C)[C@@]1(O)C(=O)CO)[C@@]1(C)C=CC(=O)C=C1C[C@H]3Cl,CC1CC2C3C(Cl)CC4=CC(=O)C=CC4(C)C3C(O)CC2(C)C1(O)C(=O)CO,CC1CC2C3C(Cl)CC4=CC(=O)C=CC4(C)C3C(O)CC2(C)C1(O)C(=O)CO,C[C@@H]1C[C@H]2[C@H]3[C@H]([C@@H](O)C[C@]2(C)[C@@]1(O)C(=O)CO)[C@@]1(C)C=CC(=O)C=C1C[C@H]3Cl,C[C@@H]1C[C@H]2[C@H]3[C@H]([C@@H](O)C[C@]2(C)[C@@]1(O)C(=O)CO)[C@@]1(C)C=CC(=O)C=C1C[C@H]3Cl,True,True,True,True,True
nonisomeric_exact,0,"(1,)","(1,)",train:507,C[C@]12C[C@H](O)[C@@]3(F)[C@@H](CCC4=CC(=O)C=C[C@@]43C)[C@@H]1C[C@@H](O)[C@]2(O)C(=O)CO,CC12C=CC(=O)C=C1CCC1C3CC(O)C(O)(C(=O)CO)C3(C)CC(O)C12F,CC12C=CC(=O)C=C1CCC1C3CC(O)C(O)(C(=O)CO)C3(C)CC(O)C12F,C[C@]12C=CC(=O)C=C1CC[C@H]1[C@@H]3C[C@@H](O)[C@](O)(C(=O)CO)[C@@]3(C)C[C@H](O)[C@@]12F,C[C@]12C=CC(=O)C=C1CC[C@H]1[C@@H]3C[C@@H](O)[C@](O)(C(=O)CO)[C@@]3(C)C[C@H](O)[C@@]12F,True,True,True,True,True
unmatched,1,(),(),train:508,C[C@]12C[C@H](O)[C@H]3[C@@H](CCC4=CC(=O)C=C[C@@]43C)[C@@H]1CC[C@]2(O)C(=O)COC(=O)CCC(=O)[O-].[Na+],CC12C=CC(=O)C=C1CCC1C2C(O)CC2(C)C1CCC2(O)C(=O)COC(=O)CCC(=O)[O-].[Na+],CC12C=CC(=O)C=C1CCC1C2C(O)CC2(C)C1CCC2(O)C(=O)COC(=O)CCC(=O)[O-],C[C@]12C=CC(=O)C=C1CC[C@@H]1[C@@H]2[C@@H](O)C[C@@]2(C)[C@H]1CC[C@]2(O)C(=O)COC(=O)CCC(=O)[O-].[Na+],C[C@]12C=CC(=O)C=C1CC[C@@H]1[C@@H]2[C@@H](O)C[C@@]2(C)[C@H]1CC[C@]2(O)C(=O)COC(=O)CCC(=O)[O-],True,True,True,True,True
nonisomeric_exact,0,"(1,)","(1,)",train:521,C[C@H]1C[C@H]2[C@@H]3CC[C@](O)(C(=O)CO)[C@@]3(C)C[C@H](O)[C@@H]2[C@@]2(C)C=CC(=O)C=C12,CC1CC2C(C(O)CC3(C)C2CCC3(O)C(=O)CO)C2(C)C=CC(=O)C=C12,CC1CC2C(C(O)CC3(C)C2CCC3(O)C(=O)CO)C2(C)C=CC(=O)C=C12,C[C@H]1C[C@@H]2[C@H]([C@@H](O)C[C@@]3(C)[C@H]2CC[C@]3(O)C(=O)CO)[C@@]2(C)C=CC(=O)C=C12,C[C@H]1C[C@@H]2[C@H]([C@@H](O)C[C@@]3(C)[C@H]2CC[C@]3(O)C(=O)CO)[C@@]2(C)C=CC(=O)C=C12,True,True,True,True,True
nonisomeric_exact,1,"(1,)","(1,)",train:542,C[C@H]1C[C@H]2[C@@H]3CC[C@](O)(C(=O)CO)[C@@]3(C)C[C@H](O)[C@@H]2[C@@]2(C)C=CC(=O)C=C12,CC1CC2C(C(O)CC3(C)C2CCC3(O)C(=O)CO)C2(C)C=CC(=O)C=C12,CC1CC2C(C(O)CC3(C)C2CCC3(O)C(=O)CO)C2(C)C=CC(=O)C=C12,C[C@H]1C[C@@H]2[C@H]([C@@H](O)C[C@@]3(C)[C@H]2CC[C@]3(O)C(=O)CO)[C@@]2(C)C=CC(=O)C=C12,C[C@H]1C[C@@H]2[C@H]([C@@H](O)C[C@@]3(C)[C@H]2CC[C@]3(O)C(=O)CO)[C@@]2(C)C=CC(=O)C=C12,True,True,True,True,True
nonisomeric_exact,1,"(1,)","(1,)",train:545,CCC(=O)[C@@]1(C)[C@H](C)C[C@H]2[C@@H]3CCC4=CC(=O)C=C[C@]4(C)[C@H]3[C@@H](O)C[C@@]21C,CCC(=O)C1(C)C(C)CC2C3CCC4=CC(=O)C=CC4(C)C3C(O)CC21C,CCC(=O)C1(C)C(C)CC2C3CCC4=CC(=O)C=CC4(C)C3C(O)CC21C,CCC(=O)[C@@]1(C)[C@H](C)C[C@H]2[C@@H]3CCC4=CC(=O)C=C[C@]4(C)[C@H]3[C@@H](O)C[C@@]21C,CCC(=O)[C@@]1(C)[C@H](C)C[C@H]2[C@@H]3CCC4=CC(=O)C=C[C@]4(C)[C@H]3[C@@H](O)C[C@@]21C,True,True,True,True,True
nonisomeric_exact,1,"(1,)","(1,)",train:549,C[C@H]1C[C@H]2[C@@H]3CCC4=CC(=O)C=C[C@]4(C)[C@@]3(Cl)[C@@H](O)C[C@]2(C)[C@@]1(O)C(=O)CO,CC1CC2C3CCC4=CC(=O)C=CC4(C)C3(Cl)C(O)CC2(C)C1(O)C(=O)CO,CC1CC2C3CCC4=CC(=O)C=CC4(C)C3(Cl)C(O)CC2(C)C1(O)C(=O)CO,C[C@H]1C[C@H]2[C@@H]3CCC4=CC(=O)C=C[C@]4(C)[C@@]3(Cl)[C@@H](O)C[C@]2(C)[C@@]1(O)C(=O)CO,C[C@H]1C[C@H]2[C@@H]3CCC4=CC(=O)C=C[C@]4(C)[C@@]3(Cl)[C@@H](O)C[C@]2(C)[C@@]1(O)C(=O)CO,True,True,True,True,True
nonisomeric_ambiguous,0,"(0, 1)","(0, 1)",train:560,C[C@H]1C[C@H]2[C@@H]3CCC4=CC(=O)C=C[C@]4(C)[C@@]3(F)[C@@H](O)C[C@]2(C)[C@@]1(O)C(=O)CO,CC1CC2C3CCC4=CC(=O)C=CC4(C)C3(F)C(O)CC2(C)C1(O)C(=O)CO,CC1CC2C3CCC4=CC(=O)C=CC4(C)C3(F)C(O)CC2(C)C1(O)C(=O)CO,C[C@H]1C[C@H]2[C@@H]3CCC4=CC(=O)C=C[C@]4(C)[C@@]3(F)[C@@H](O)C[C@]2(C)[C@@]1(O)C(=O)CO,C[C@H]1C[C@H]2[C@@H]3CCC4=CC(=O)C=C[C@]4(C)[C@@]3(F)[C@@H](O)C[C@]2(C)[C@@]1(O)C(=O)CO,True,True,True,True,True
unmatched,0,(),(),train:616,CN(C)[C@@H]1C(=O)/C(=C(/O)NCN2CCCC(C(=O)O)C2)C(=O)[C@@]2(O)C(=O)C3=C(O)c4c(O)cccc4[C@@](C)(O)[C@H]3C[C@@H]12,CN(C)C1C(=O)C(=C(O)NCN2CCCC(C(=O)O)C2)C(=O)C2(O)C(=O)C3=C(O)c4c(O)cccc4C(C)(O)C3CC12,CN(C)C1C(=O)C(=C(O)NCN2CCCC(C(=O)O)C2)C(=O)C2(O)C(=O)C3=C(O)c4c(O)cccc4C(C)(O)C3CC12,CN(C)[C@@H]1C(=O)/C(=C(/O)NCN2CCCC(C(=O)O)C2)C(=O)[C@@]2(O)C(=O)C3=C(O)c4c(O)cccc4[C@@](C)(O)[C@H]3C[C@@H]12,CN(C)[C@@H]1C(=O)/C(=C(/O)NCN2CCCC(C(=O)O)C2)C(=O)[C@@]2(O)C(=O)C3=C(O)c4c(O)cccc4[C@@](C)(O)[C@H]3C[C@@H]12,True,True,True,True,True
unmatched,0,(),(),train:619,Cc1cc(N/C(O)=C2\C(=O)c3ccccc3S(=O)(=O)N2C)no1,Cc1cc(NC(O)=C2C(=O)c3ccccc3S(=O)(=O)N2C)no1,Cc1cc(NC(O)=C2C(=O)c3ccccc3S(=O)(=O)N2C)no1,Cc1cc(N/C(O)=C2\C(=O)c3ccccc3S(=O)(=O)N2C)no1,Cc1cc(N/C(O)=C2\C(=O)c3ccccc3S(=O)(=O)N2C)no1,True,True,True,True,True
unmatched,0,(),(),train:624,CCCCc1nc(Cl)c(CO)n1Cc1ccc(-c2ccccc2-c2nn[nH]n2)cc1,CCCCc1nc(Cl)c(CO)n1Cc1ccc(-c2ccccc2-c2nn[nH]n2)cc1,CCCCc1nc(Cl)c(CO)n1Cc1ccc(-c2ccccc2-c2nn[nH]n2)cc1,CCCCc1nc(Cl)c(CO)n1Cc1ccc(-c2ccccc2-c2nn[nH]n2)cc1,CCCCc1nc(Cl)c(CO)n1Cc1ccc(-c2ccccc2-c2nn[nH]n2)cc1,True,True,True,True,True
unmatched,0,(),(),train:665,C=C1c2c(Cl)ccc(O)c2C(O)=C2C(=O)C3(O)C(=O)/C(=C(/N)O)C(=O)C(N(C)C)C3C(O)C12,C=C1c2c(Cl)ccc(O)c2C(O)=C2C(=O)C3(O)C(=O)C(=C(N)O)C(=O)C(N(C)C)C3C(O)C12,C=C1c2c(Cl)ccc(O)c2C(O)=C2C(=O)C3(O)C(=O)C(=C(N)O)C(=O)C(N(C)C)C3C(O)C12,C=C1c2c(Cl)ccc(O)c2C(O)=C2C(=O)C3(O)C(=O)/C(=C(/N)O)C(=O)C(N(C)C)C3C(O)C12,C=C1c2c(Cl)ccc(O)c2C(O)=C2C(=O)C3(O)C(=O)/C(=C(/N)O)C(=O)C(N(C)C)C3C(O)C12,True,True,True,True,True
unmatched,0,(),(),train:666,C=C1c2cccc(O)c2C(O)=C2C(=O)[C@]3(O)C(=O)/C(=C(/N)O)C(=O)[C@@H](N(C)C)[C@@H]3[C@@H](O)[C@H]12,C=C1c2cccc(O)c2C(O)=C2C(=O)C3(O)C(=O)C(=C(N)O)C(=O)C(N(C)C)C3C(O)C12,C=C1c2cccc(O)c2C(O)=C2C(=O)C3(O)C(=O)C(=C(N)O)C(=O)C(N(C)C)C3C(O)C12,C=C1c2cccc(O)c2C(O)=C2C(=O)[C@]3(O)C(=O)/C(=C(/N)O)C(=O)[C@@H](N(C)C)[C@@H]3[C@@H](O)[C@H]12,C=C1c2cccc(O)c2C(O)=C2C(=O)[C@]3(O)C(=O)/C(=C(/N)O)C(=O)[C@@H](N(C)C)[C@@H]3[C@@H](O)[C@H]12,True,True,True,True,True
nonisomeric_exact,0,"(0,)","(0,)",train:676,CC[C@H](C)C(=O)O[C@H]1C[C@H](O)C=C2C=C[C@H](C)[C@H](CC[C@@H](O)C[C@@H](O)CC(=O)O)[C@H]21,CCC(C)C(=O)OC1CC(O)C=C2C=CC(C)C(CCC(O)CC(O)CC(=O)O)C21,CCC(C)C(=O)OC1CC(O)C=C2C=CC(C)C(CCC(O)CC(O)CC(=O)O)C21,CC[C@H](C)C(=O)O[C@H]1C[C@H](O)C=C2C=C[C@H](C)[C@H](CC[C@@H](O)C[C@@H](O)CC(=O)O)[C@H]21,CC[C@H](C)C(=O)O[C@H]1C[C@H](O)C=C2C=C[C@H](C)[C@H](CC[C@@H](O)C[C@@H](O)CC(=O)O)[C@H]21,True,True,True,True,True
unmatched,1,(),(),train:681,Cc1ncc([N+](=O)[O-])n1CCO,Cc1ncc([N+](=O)[O-])n1CCO,Cc1ncc([N+](=O)[O-])n1CCO,Cc1ncc([N+](=O)[O-])n1CCO,Cc1ncc([N+](=O)[O-])n1CCO,True,True,True,True,True
unmatched,1,(),(),train:682,CCS(=O)(=O)CCn1c([N+](=O)[O-])cnc1C,CCS(=O)(=O)CCn1c([N+](=O)[O-])cnc1C,CCS(=O)(=O)CCn1c([N+](=O)[O-])cnc1C,CCS(=O)(=O)CCn1c([N+](=O)[O-])cnc1C,CCS(=O)(=O)CCn1c([N+](=O)[O-])cnc1C,True,True,True,True,True
nonisomeric_exact,1,"(1,)","(1,)",train:685,CCOc1cc(N)c([N+](=O)[O-])cc1C(=O)NC1CCN(CC2CC=CCC2)CC1,CCOc1cc(N)c([N+](=O)[O-])cc1C(=O)NC1CCN(CC2CC=CCC2)CC1,CCOc1cc(N)c([N+](=O)[O-])cc1C(=O)NC1CCN(CC2CC=CCC2)CC1,CCOc1cc(N)c([N+](=O)[O-])cc1C(=O)NC1CCN(CC2CC=CCC2)CC1,CCOc1cc(N)c([N+](=O)[O-])cc1C(=O)NC1CCN(CC2CC=CCC2)CC1,True,True,True,True,True
unmatched,1,(),(),train:688,CC(C)N1CCC(N(C(=O)Cc2ccccc2)c2ccc(Cl)cc2)CC1,CC(C)N1CCC(N(C(=O)Cc2ccccc2)c2ccc(Cl)cc2)CC1,CC(C)N1CCC(N(C(=O)Cc2ccccc2)c2ccc(Cl)cc2)CC1,CC(C)N1CCC(N(C(=O)Cc2ccccc2)c2ccc(Cl)cc2)CC1,CC(C)N1CCC(N(C(=O)Cc2ccccc2)c2ccc(Cl)cc2)CC1,True,True,True,True,True
nonisomeric_ambiguous,1,"(0, 1)","(0, 1)",train:691,CC(C)(C)NCC(O)COc1cccc2c1C[C@H](O)[C@H](O)C2,CC(C)(C)NCC(O)COc1cccc2c1CC(O)C(O)C2,CC(C)(C)NCC(O)COc1cccc2c1CC(O)C(O)C2,CC(C)(C)NCC(O)COc1cccc2c1C[C@H](O)[C@H](O)C2,CC(C)(C)NCC(O)COc1cccc2c1C[C@H](O)[C@H](O)C2,True,True,True,True,True
unmatched,0,(),(),train:694,NNc1nncc2ccccc12,NNc1nncc2ccccc12,NNc1nncc2ccccc12,NNc1nncc2ccccc12,NNc1nncc2ccccc12,True,True,True,True,True
nonisomeric_salt,1,(),"(0,)",train:695,CCN1CCN(C(=O)N[C@@H](C(=O)N[C@@H]2C(=O)N3[C@@H](C(=O)O)C(C)(C)S[C@H]23)c2ccccc2)C(=O)C1=O.O,CCN1CCN(C(=O)NC(C(=O)NC2C(=O)N3C2SC(C)(C)C3C(=O)O)c2ccccc2)C(=O)C1=O.O,CCN1CCN(C(=O)NC(C(=O)NC2C(=O)N3C2SC(C)(C)C3C(=O)O)c2ccccc2)C(=O)C1=O,CCN1CCN(C(=O)N[C@@H](C(=O)N[C@@H]2C(=O)N3[C@@H]2SC(C)(C)[C@@H]3C(=O)O)c2ccccc2)C(=O)C1=O.O,CCN1CCN(C(=O)N[C@@H](C(=O)N[C@@H]2C(=O)N3[C@@H]2SC(C)(C)[C@@H]3C(=O)O)c2ccccc2)C(=O)C1=O,True,True,True,True,True
unmatched,1,(),(),train:696,COc1cc(N)c(Cl)cc1C(=O)NC1CCN(Cc2ccccc2)CC1,COc1cc(N)c(Cl)cc1C(=O)NC1CCN(Cc2ccccc2)CC1,COc1cc(N)c(Cl)cc1C(=O)NC1CCN(Cc2ccccc2)CC1,COc1cc(N)c(Cl)cc1C(=O)NC1CCN(Cc2ccccc2)CC1,COc1cc(N)c(Cl)cc1C(=O)NC1CCN(Cc2ccccc2)CC1,True,True,True,True,True
unmatched,0,(),(),train:699,CC/C(=C(/CC)c1ccc(O)cc1)c1ccc(O)cc1,CCC(=C(CC)c1ccc(O)cc1)c1ccc(O)cc1,CCC(=C(CC)c1ccc(O)cc1)c1ccc(O)cc1,CC/C(=C(/CC)c1ccc(O)cc1)c1ccc(O)cc1,CC/C(=C(/CC)c1ccc(O)cc1)c1ccc(O)cc1,True,True,True,True,True
nonisomeric_exact,1,"(1,)","(1,)",train:701,CN1CCN(C(=O)OC2c3nccnc3C(=O)N2c2ccc(Cl)cn2)CC1,CN1CCN(C(=O)OC2c3nccnc3C(=O)N2c2ccc(Cl)cn2)CC1,CN1CCN(C(=O)OC2c3nccnc3C(=O)N2c2ccc(Cl)cn2)CC1,CN1CCN(C(=O)OC2c3nccnc3C(=O)N2c2ccc(Cl)cn2)CC1,CN1CCN(C(=O)OC2c3nccnc3C(=O)N2c2ccc(Cl)cn2)CC1,True,True,True,True,True
unmatched,1,(),(),train:704,CC1=C2C(c3cccc(Cl)c3)=NCCN=C2N(C)N1,CC1=C2C(c3cccc(Cl)c3)=NCCN=C2N(C)N1,CC1=C2C(c3cccc(Cl)c3)=NCCN=C2N(C)N1,CC1=C2C(c3cccc(Cl)c3)=NCCN=C2N(C)N1,CC1=C2C(c3cccc(Cl)c3)=NCCN=C2N(C)N1,True,True,True,True,True
unmatched,1,(),(),train:715,Nc1[nH]c(=O)ncc1F,Nc1[nH]c(=O)ncc1F,Nc1[nH]c(=O)ncc1F,Nc1[nH]c(=O)ncc1F,Nc1[nH]c(=O)ncc1F,True,True,True,True,True
unmatched,0,(),(),train:728,CC(=O)N1CCN(C(=O)Cc2ccc([S@@](C)=O)cc2)[C@@H](CN2CC[C@H](O)C2)C1,CC(=O)N1CCN(C(=O)Cc2ccc(S(C)=O)cc2)C(CN2CCC(O)C2)C1,CC(=O)N1CCN(C(=O)Cc2ccc(S(C)=O)cc2)C(CN2CCC(O)C2)C1,CC(=O)N1CCN(C(=O)Cc2ccc([S@@](C)=O)cc2)[C@@H](CN2CC[C@H](O)C2)C1,CC(=O)N1CCN(C(=O)Cc2ccc([S@@](C)=O)cc2)[C@@H](CN2CC[C@H](O)C2)C1,True,True,True,True,True
nonisomeric_exact,1,"(1,)","(1,)",train:749,Cc1ccccc1C(OCCN(C)C)c1ccccc1,Cc1ccccc1C(OCCN(C)C)c1ccccc1,Cc1ccccc1C(OCCN(C)C)c1ccccc1,Cc1ccccc1C(OCCN(C)C)c1ccccc1,Cc1ccccc1C(OCCN(C)C)c1ccccc1,True,True,True,True,True
nonisomeric_exact,1,"(1,)","(1,)",train:755,NC(=O)CS(=O)C(c1ccccc1)c1ccccc1,NC(=O)CS(=O)C(c1ccccc1)c1ccccc1,NC(=O)CS(=O)C(c1ccccc1)c1ccccc1,NC(=O)CS(=O)C(c1ccccc1)c1ccccc1,NC(=O)CS(=O)C(c1ccccc1)c1ccccc1,True,True,True,True,True
unmatched,0,(),(),train:765,CO[C@@H]1[C@@H](OC(N)=O)[C@@H](O)[C@H](Oc2ccc3c(=O)c(NC(=O)c4ccc(O)c(CC=C(C)C)c4)c(O)oc3c2C)OC1(C)C,COC1C(OC(N)=O)C(O)C(Oc2ccc3c(=O)c(NC(=O)c4ccc(O)c(CC=C(C)C)c4)c(O)oc3c2C)OC1(C)C,COC1C(OC(N)=O)C(O)C(Oc2ccc3c(=O)c(NC(=O)c4ccc(O)c(CC=C(C)C)c4)c(O)oc3c2C)OC1(C)C,CO[C@@H]1[C@@H](OC(N)=O)[C@@H](O)[C@H](Oc2ccc3c(=O)c(NC(=O)c4ccc(O)c(CC=C(C)C)c4)c(O)oc3c2C)OC1(C)C,CO[C@@H]1[C@@H](OC(N)=O)[C@@H](O)[C@H](Oc2ccc3c(=O)c(NC(=O)c4ccc(O)c(CC=C(C)C)c4)c(O)oc3c2C)OC1(C)C,True,True,True,True,True
unmatched,0,(),(),train:784,Cc1ccc(CC2=CNC(NCCSCc3ccc(CN(C)C)o3)=NC2)cn1,Cc1ccc(CC2=CNC(NCCSCc3ccc(CN(C)C)o3)=NC2)cn1,Cc1ccc(CC2=CNC(NCCSCc3ccc(CN(C)C)o3)=NC2)cn1,Cc1ccc(CC2=CNC(NCCSCc3ccc(CN(C)C)o3)=NC2)cn1,Cc1ccc(CC2=CNC(NCCSCc3ccc(CN(C)C)o3)=NC2)cn1,True,True,True,True,True
nonisomeric_exact,0,"(1,)","(1,)",train:788,CN1[C@H]2CC(OC(=O)[C@H](CO)c3ccccc3)C[C@@H]1[C@H]1O[C@@H]21,CN1C2CC(OC(=O)C(CO)c3ccccc3)CC1C1OC12,CN1C2CC(OC(=O)C(CO)c3ccccc3)CC1C1OC12,CN1[C@@H]2CC(OC(=O)[C@H](CO)c3ccccc3)C[C@H]1[C@@H]1O[C@@H]12,CN1[C@@H]2CC(OC(=O)[C@H](CO)c3ccccc3)C[C@H]1[C@@H]1O[C@@H]12,True,True,True,True,True
unmatched,1,(),(),train:800,Cc1nc(C)c2c(n1)N(Cc1ccc(-c3ccccc3-c3nn[nH]n3)cc1)C(=O)CC2,Cc1nc(C)c2c(n1)N(Cc1ccc(-c3ccccc3-c3nn[nH]n3)cc1)C(=O)CC2,Cc1nc(C)c2c(n1)N(Cc1ccc(-c3ccccc3-c3nn[nH]n3)cc1)C(=O)CC2,Cc1nc(C)c2c(n1)N(Cc1ccc(-c3ccccc3-c3nn[nH]n3)cc1)C(=O)CC2,Cc1nc(C)c2c(n1)N(Cc1ccc(-c3ccccc3-c3nn[nH]n3)cc1)C(=O)CC2,True,True,True,True,True
unmatched,0,(),(),train:802,NS(=O)(=O)c1cc2c(cc1Cl)NCNS2(=O)=O,NS(=O)(=O)c1cc2c(cc1Cl)NCNS2(=O)=O,NS(=O)(=O)c1cc2c(cc1Cl)NCNS2(=O)=O,NS(=O)(=O)c1cc2c(cc1Cl)NCNS2(=O)=O,NS(=O)(=O)c1cc2c(cc1Cl)NCNS2(=O)=O,True,True,True,True,True
unmatched,0,(),(),train:803,NS(=O)(=O)c1cc2c(cc1C(F)(F)F)NCNS2(=O)=O,NS(=O)(=O)c1cc2c(cc1C(F)(F)F)NCNS2(=O)=O,NS(=O)(=O)c1cc2c(cc1C(F)(F)F)NCNS2(=O)=O,NS(=O)(=O)c1cc2c(cc1C(F)(F)F)NCNS2(=O)=O,NS(=O)(=O)c1cc2c(cc1C(F)(F)F)NCNS2(=O)=O,True,True,True,True,True
unmatched,0,(),(),train:812,CC1(C)S[C@@H]2[C@H](NC(=O)[C@H](NC(=O)c3ccc(-c4ccc(S(=O)(=O)N(CCO)CCO)cc4)[nH]c3=O)c3ccc(O)cc3)C(=O)N2[C@H]1C(=O)[O-].[Na+],CC1(C)SC2C(NC(=O)C(NC(=O)c3ccc(-c4ccc(S(=O)(=O)N(CCO)CCO)cc4)[nH]c3=O)c3ccc(O)cc3)C(=O)N2C1C(=O)[O-].[Na+],CC1(C)SC2C(NC(=O)C(NC(=O)c3ccc(-c4ccc(S(=O)(=O)N(CCO)CCO)cc4)[nH]c3=O)c3ccc(O)cc3)C(=O)N2C1C(=O)[O-],CC1(C)S[C@@H]2[C@H](NC(=O)[C@H](NC(=O)c3ccc(-c4ccc(S(=O)(=O)N(CCO)CCO)cc4)[nH]c3=O)c3ccc(O)cc3)C(=O)N2[C@H]1C(=O)[O-].[Na+],CC1(C)S[C@@H]2[C@H](NC(=O)[C@H](NC(=O)c3ccc(-c4ccc(S(=O)(=O)N(CCO)CCO)cc4)[nH]c3=O)c3ccc(O)cc3)C(=O)N2[C@H]1C(=O)[O-],True,True,True,True,True
unmatched,1,(),(),train:841,CN1CC(=O)N=C1NC(=O)Nc1cccc(Cl)c1,CN1CC(=O)N=C1NC(=O)Nc1cccc(Cl)c1,CN1CC(=O)N=C1NC(=O)Nc1cccc(Cl)c1,CN1CC(=O)N=C1NC(=O)Nc1cccc(Cl)c1,CN1CC(=O)N=C1NC(=O)Nc1cccc(Cl)c1,True,True,True,True,True
unmatched,1,(),(),train:848,O=C1N=C(NC2CC2)OC1c1ccccc1,O=C1N=C(NC2CC2)OC1c1ccccc1,O=C1N=C(NC2CC2)OC1c1ccccc1,O=C1N=C(NC2CC2)OC1c1ccccc1,O=C1N=C(NC2CC2)OC1c1ccccc1,True,True,True,True,True
nonisomeric_exact,1,"(1,)","(1,)",train:866,CCCC1O[C@@H]2C[C@H]3[C@@H]4CCC5=CC(=O)C=C[C@]5(C)[C@H]4[C@@H](O)C[C@]3(C)[C@]2(C(=O)CO)O1,CCCC1OC2CC3C4CCC5=CC(=O)C=CC5(C)C4C(O)CC3(C)C2(C(=O)CO)O1,CCCC1OC2CC3C4CCC5=CC(=O)C=CC5(C)C4C(O)CC3(C)C2(C(=O)CO)O1,CCCC1O[C@@H]2C[C@H]3[C@@H]4CCC5=CC(=O)C=C[C@]5(C)[C@H]4[C@@H](O)C[C@]3(C)[C@]2(C(=O)CO)O1,CCCC1O[C@@H]2C[C@H]3[C@@H]4CCC5=CC(=O)C=C[C@]5(C)[C@H]4[C@@H](O)C[C@]3(C)[C@]2(C(=O)CO)O1,True,True,True,True,True
nonisomeric_exact,0,"(0,)","(0,)",train:886,CO/N=C(\C(=O)N[C@@H]1C(=O)N2C(C(=O)O)=C(CSc3cnns3)CS[C@H]12)c1csc(N)n1,CON=C(C(=O)NC1C(=O)N2C(C(=O)O)=C(CSc3cnns3)CSC12)c1csc(N)n1,CON=C(C(=O)NC1C(=O)N2C(C(=O)O)=C(CSc3cnns3)CSC12)c1csc(N)n1,CO/N=C(\C(=O)N[C@@H]1C(=O)N2C(C(=O)O)=C(CSc3cnns3)CS[C@H]12)c1csc(N)n1,CO/N=C(\C(=O)N[C@@H]1C(=O)N2C(C(=O)O)=C(CSc3cnns3)CS[C@H]12)c1csc(N)n1,True,True,True,True,True
nonisomeric_exact,0,"(0,)","(0,)",train:889,COC(=O)C1=C(C)NC(C)=C(C(=O)OCCN(C)Cc2ccccc2)C1c1cccc([N+](=O)[O-])c1,COC(=O)C1=C(C)NC(C)=C(C(=O)OCCN(C)Cc2ccccc2)C1c1cccc([N+](=O)[O-])c1,COC(=O)C1=C(C)NC(C)=C(C(=O)OCCN(C)Cc2ccccc2)C1c1cccc([N+](=O)[O-])c1,COC(=O)C1=C(C)NC(C)=C(C(=O)OCCN(C)Cc2ccccc2)C1c1cccc([N+](=O)[O-])c1,COC(=O)C1=C(C)NC(C)=C(C(=O)OCCN(C)Cc2ccccc2)C1c1cccc([N+](=O)[O-])c1,True,True,True,True,True
nonisomeric_exact,0,"(0,)","(0,)",train:905,CO/N=C(\C(=O)N[C@@H]1C(=O)N2C(C(=O)O)=C(Cn3nnc(C)n3)CS[C@H]12)c1csc(N)n1,CON=C(C(=O)NC1C(=O)N2C(C(=O)O)=C(Cn3nnc(C)n3)CSC12)c1csc(N)n1,CON=C(C(=O)NC1C(=O)N2C(C(=O)O)=C(Cn3nnc(C)n3)CSC12)c1csc(N)n1,CO/N=C(\C(=O)N[C@@H]1C(=O)N2C(C(=O)O)=C(Cn3nnc(C)n3)CS[C@H]12)c1csc(N)n1,CO/N=C(\C(=O)N[C@@H]1C(=O)N2C(C(=O)O)=C(Cn3nnc(C)n3)CS[C@H]12)c1csc(N)n1,True,True,True,True,True
unmatched,1,(),(),train:918,NC(N)=Nc1nc(CSCCC(N)=NS(N)(=O)=O)cs1,NC(N)=Nc1nc(CSCCC(N)=NS(N)(=O)=O)cs1,NC(N)=Nc1nc(CSCCC(N)=NS(N)(=O)=O)cs1,NC(N)=Nc1nc(CSCCC(N)=NS(N)(=O)=O)cs1,NC(N)=Nc1nc(CSCCC(N)=NS(N)(=O)=O)cs1,True,True,True,True,True
unmatched,1,(),(),train:920,CN=C(NC#N)NCCSCc1csc(N=C(N)N)n1,CN=C(NC#N)NCCSCc1csc(N=C(N)N)n1,CN=C(NC#N)NCCSCc1csc(N=C(N)N)n1,CN=C(NC#N)NCCSCc1csc(N=C(N)N)n1,CN=C(NC#N)NCCSCc1csc(N=C(N)N)n1,True,True,True,True,True
unmatched,0,(),(),train:927,O=c1ccc2ccccc2o1,O=c1ccc2ccccc2o1,O=c1ccc2ccccc2o1,O=c1ccc2ccccc2o1,O=c1ccc2ccccc2o1,True,True,True,True,True
unmatched,1,(),(),train:938,Nc1ccc(S(=O)(=O)Nc2ncccn2)cc1,Nc1ccc(S(=O)(=O)Nc2ncccn2)cc1,Nc1ccc(S(=O)(=O)Nc2ncccn2)cc1,Nc1ccc(S(=O)(=O)Nc2ncccn2)cc1,Nc1ccc(S(=O)(=O)Nc2ncccn2)cc1,True,True,True,True,True
unmatched,0,(),(),train:947,Nc1ccc(S(=O)(=O)c2ccc(N)cc2)cc1,Nc1ccc(S(=O)(=O)c2ccc(N)cc2)cc1,Nc1ccc(S(=O)(=O)c2ccc(N)cc2)cc1,Nc1ccc(S(=O)(=O)c2ccc(N)cc2)cc1,Nc1ccc(S(=O)(=O)c2ccc(N)cc2)cc1,True,True,True,True,True
nonisomeric_exact,1,"(1,)","(1,)",train:953,Cc1cccc(/C=N/N2CCN(C(c3ccccc3)c3ccccc3)CC2)n1,Cc1cccc(C=NN2CCN(C(c3ccccc3)c3ccccc3)CC2)n1,Cc1cccc(C=NN2CCN(C(c3ccccc3)c3ccccc3)CC2)n1,Cc1cccc(/C=N/N2CCN(C(c3ccccc3)c3ccccc3)CC2)n1,Cc1cccc(/C=N/N2CCN(C(c3ccccc3)c3ccccc3)CC2)n1,True,True,True,True,True
nonisomeric_exact,1,"(1,)","(1,)",train:959,O=C(C1CCCCC1)N1CC(=O)N2CCc3ccccc3C2C1,O=C(C1CCCCC1)N1CC(=O)N2CCc3ccccc3C2C1,O=C(C1CCCCC1)N1CC(=O)N2CCc3ccccc3C2C1,O=C(C1CCCCC1)N1CC(=O)N2CCc3ccccc3C2C1,O=C(C1CCCCC1)N1CC(=O)N2CCc3ccccc3C2C1,True,True,True,True,True
unmatched,0,(),(),train:963,CN1/C(=C(/O)Nc2ccccn2)C(=O)c2ccccc2S1(=O)=O,CN1C(=C(O)Nc2ccccn2)C(=O)c2ccccc2S1(=O)=O,CN1C(=C(O)Nc2ccccn2)C(=O)c2ccccc2S1(=O)=O,CN1/C(=C(/O)Nc2ccccn2)C(=O)c2ccccc2S1(=O)=O,CN1/C(=C(/O)Nc2ccccn2)C(=O)c2ccccc2S1(=O)=O,True,True,True,True,True
nonisomeric_ambiguous,1,"(0, 1)","(0, 1)",train:969,CC[C@]1(O)C[C@H]2CN(CCc3c([nH]c4ccccc34)[C@@](C(=O)OC)(c3cc4c(cc3OC)N(C)[C@H]3[C@@](O)(C(=O)OC)[C@H](OC(C)=O)[C@]5(CC)C=CCN6CC[C@]43[C@@H]65)C2)C1,CCC1(O)CC2CN(CCc3c([nH]c4ccccc34)C(C(=O)OC)(c3cc4c(cc3OC)N(C)C3C(O)(C(=O)OC)C(OC(C)=O)C5(CC)C=CCN6CCC43C65)C2)C1,CCC1(O)CC2CN(CCc3c([nH]c4ccccc34)C(C(=O)OC)(c3cc4c(cc3OC)N(C)C3C(O)(C(=O)OC)C(OC(C)=O)C5(CC)C=CCN6CCC43C65)C2)C1,CC[C@]1(O)C[C@H]2CN(CCc3c([nH]c4ccccc34)[C@@](C(=O)OC)(c3cc4c(cc3OC)N(C)[C@H]3[C@@](O)(C(=O)OC)[C@H](OC(C)=O)[C@]5(CC)C=CCN6CC[C@]43[C@@H]65)C2)C1,CC[C@]1(O)C[C@H]2CN(CCc3c([nH]c4ccccc34)[C@@](C(=O)OC)(c3cc4c(cc3OC)N(C)[C@H]3[C@@](O)(C(=O)OC)[C@H](OC(C)=O)[C@]5(CC)C=CCN6CC[C@]43[C@@H]65)C2)C1,True,True,True,True,True
nonisomeric_exact,0,"(0,)","(0,)",train:973,CO/N=C(\C(=O)NC1C(=O)N(OCC(=O)O)[C@H]1C)c1csc(N)n1,CON=C(C(=O)NC1C(=O)N(OCC(=O)O)C1C)c1csc(N)n1,CON=C(C(=O)NC1C(=O)N(OCC(=O)O)C1C)c1csc(N)n1,CO/N=C(\C(=O)NC1C(=O)N(OCC(=O)O)[C@H]1C)c1csc(N)n1,CO/N=C(\C(=O)NC1C(=O)N(OCC(=O)O)[C@H]1C)c1csc(N)n1,True,True,True,True,True
unmatched,0,(),(),train:974,C[C@H]1[C@H](NC(=O)/C(=N\OC(C)(C)C(=O)O)c2csc([NH3+])n2)C(=O)N1S(=O)(=O)[O-],CC1C(NC(=O)C(=NOC(C)(C)C(=O)O)c2csc([NH3+])n2)C(=O)N1S(=O)(=O)[O-],CC1C(NC(=O)C(=NOC(C)(C)C(=O)O)c2csc([NH3+])n2)C(=O)N1S(=O)(=O)[O-],C[C@H]1[C@H](NC(=O)/C(=N\OC(C)(C)C(=O)O)c2csc([NH3+])n2)C(=O)N1S(=O)(=O)[O-],C[C@H]1[C@H](NC(=O)/C(=N\OC(C)(C)C(=O)O)c2csc([NH3+])n2)C(=O)N1S(=O)(=O)[O-],True,True,True,True,True
nonisomeric_exact,0,"(0,)","(0,)",train:976,CO/N=C(\C(=O)N[C@@H]1C(=O)N(OCC(=O)OCC(=O)OC(C)(C)C)[C@H]1C)c1csc(N)n1,CON=C(C(=O)NC1C(=O)N(OCC(=O)OCC(=O)OC(C)(C)C)C1C)c1csc(N)n1,CON=C(C(=O)NC1C(=O)N(OCC(=O)OCC(=O)OC(C)(C)C)C1C)c1csc(N)n1,CO/N=C(\C(=O)N[C@@H]1C(=O)N(OCC(=O)OCC(=O)OC(C)(C)C)[C@H]1C)c1csc(N)n1,CO/N=C(\C(=O)N[C@@H]1C(=O)N(OCC(=O)OCC(=O)OC(C)(C)C)[C@H]1C)c1csc(N)n1,True,True,True,True,True
nonisomeric_exact,0,"(0,)","(0,)",train:977,NC(=O)OCC1[C@H](NC(=O)/C(=N\OCC(=O)O)c2csc(N)n2)C(=O)N1S(=O)(=O)O,NC(=O)OCC1C(NC(=O)C(=NOCC(=O)O)c2csc(N)n2)C(=O)N1S(=O)(=O)O,NC(=O)OCC1C(NC(=O)C(=NOCC(=O)O)c2csc(N)n2)C(=O)N1S(=O)(=O)O,NC(=O)OCC1[C@H](NC(=O)/C(=N\OCC(=O)O)c2csc(N)n2)C(=O)N1S(=O)(=O)O,NC(=O)OCC1[C@H](NC(=O)/C(=N\OCC(=O)O)c2csc(N)n2)C(=O)N1S(=O)(=O)O,True,True,True,True,True
unmatched,1,(),(),train:986,Nc1nc(=O)c2c([nH]1)NCC(CNc1ccc(C(=O)N[C@@H](CCC(=O)[O-])C(=O)[O-])cc1)N2C=O.[Ca+2],Nc1nc(=O)c2c([nH]1)NCC(CNc1ccc(C(=O)NC(CCC(=O)[O-])C(=O)[O-])cc1)N2C=O.[Ca+2],Nc1nc(=O)c2c([nH]1)NCC(CNc1ccc(C(=O)NC(CCC(=O)[O-])C(=O)[O-])cc1)N2C=O,Nc1nc(=O)c2c([nH]1)NCC(CNc1ccc(C(=O)N[C@@H](CCC(=O)[O-])C(=O)[O-])cc1)N2C=O.[Ca+2],Nc1nc(=O)c2c([nH]1)NCC(CNc1ccc(C(=O)N[C@@H](CCC(=O)[O-])C(=O)[O-])cc1)N2C=O,True,True,True,True,True
unmatched,1,(),(),train:1008,CN1CCCCC1CCN1c2ccccc2Sc2ccc(S(C)=O)cc21,CN1CCCCC1CCN1c2ccccc2Sc2ccc(S(C)=O)cc21,CN1CCCCC1CCN1c2ccccc2Sc2ccc(S(C)=O)cc21,CN1CCCCC1CCN1c2ccccc2Sc2ccc(S(C)=O)cc21,CN1CCCCC1CCN1c2ccccc2Sc2ccc(S(C)=O)cc21,True,True,True,True,True
unmatched,0,(),(),train:1016,Cn1nnnc1SCC1=C(C(=O)[O-])N2C(=O)[C@@H](NC(=O)CSC(F)(F)F)[C@H]2SC1.[Na+],Cn1nnnc1SCC1=C(C(=O)[O-])N2C(=O)C(NC(=O)CSC(F)(F)F)C2SC1.[Na+],Cn1nnnc1SCC1=C(C(=O)[O-])N2C(=O)C(NC(=O)CSC(F)(F)F)C2SC1,Cn1nnnc1SCC1=C(C(=O)[O-])N2C(=O)[C@@H](NC(=O)CSC(F)(F)F)[C@H]2SC1.[Na+],Cn1nnnc1SCC1=C(C(=O)[O-])N2C(=O)[C@@H](NC(=O)CSC(F)(F)F)[C@H]2SC1,True,True,True,True,True
unmatched,1,(),(),train:1031,NC(=O)CCCN/C(=C1\C=C(F)C=CC1=O)c1ccc(Cl)cc1,NC(=O)CCCNC(=C1C=C(F)C=CC1=O)c1ccc(Cl)cc1,NC(=O)CCCNC(=C1C=C(F)C=CC1=O)c1ccc(Cl)cc1,NC(=O)CCCN/C(=C1\C=C(F)C=CC1=O)c1ccc(Cl)cc1,NC(=O)CCCN/C(=C1\C=C(F)C=CC1=O)c1ccc(Cl)cc1,True,True,True,True,True
unmatched,1,(),(),train:1032,CCCCN/C(=C1/C=C(Cl)C=CC1=O)c1ccccc1Cl,CCCCNC(=C1C=C(Cl)C=CC1=O)c1ccccc1Cl,CCCCNC(=C1C=C(Cl)C=CC1=O)c1ccccc1Cl,CCCCN/C(=C1/C=C(Cl)C=CC1=O)c1ccccc1Cl,CCCCN/C(=C1/C=C(Cl)C=CC1=O)c1ccccc1Cl,True,True,True,True,True
unmatched,1,(),(),train:1055,O=C1CNC(c2ccccc2)=c2c3c(sc2=N1)CCCC3,O=C1CNC(c2ccccc2)=c2c3c(sc2=N1)CCCC3,O=C1CNC(c2ccccc2)=c2c3c(sc2=N1)CCCC3,O=C1CNC(c2ccccc2)=c2c3c(sc2=N1)CCCC3,O=C1CNC(c2ccccc2)=c2c3c(sc2=N1)CCCC3,True,True,True,True,True
unmatched,0,(),(),train:1061,CNC(=NC#N)Nc1cccc(-c2csc(N=C(N)N)n2)c1,CNC(=NC#N)Nc1cccc(-c2csc(N=C(N)N)n2)c1,CNC(=NC#N)Nc1cccc(-c2csc(N=C(N)N)n2)c1,CNC(=NC#N)Nc1cccc(-c2csc(N=C(N)N)n2)c1,CNC(=NC#N)Nc1cccc(-c2csc(N=C(N)N)n2)c1,True,True,True,True,True
nonisomeric_exact,1,"(1,)","(1,)",train:1067,CC(C(=O)O)c1cccc(C(=O)c2ccccc2)c1,CC(C(=O)O)c1cccc(C(=O)c2ccccc2)c1,CC(C(=O)O)c1cccc(C(=O)c2ccccc2)c1,CC(C(=O)O)c1cccc(C(=O)c2ccccc2)c1,CC(C(=O)O)c1cccc(C(=O)c2ccccc2)c1,True,True,True,True,True
unmatched,0,(),(),train:1071,CN1/C(=C(\O)Nc2ccccn2)C(=O)c2sccc2S1(=O)=O,CN1C(=C(O)Nc2ccccn2)C(=O)c2sccc2S1(=O)=O,CN1C(=C(O)Nc2ccccn2)C(=O)c2sccc2S1(=O)=O,CN1/C(=C(\O)Nc2ccccn2)C(=O)c2sccc2S1(=O)=O,CN1/C(=C(\O)Nc2ccccn2)C(=O)c2sccc2S1(=O)=O,True,True,True,True,True
unmatched,0,(),(),train:1075,C=CCSCC(=O)NC1C(=O)N2C1SC(C)(C)C2C(=O)[O-].[Na+],C=CCSCC(=O)NC1C(=O)N2C1SC(C)(C)C2C(=O)[O-].[Na+],C=CCSCC(=O)NC1C(=O)N2C1SC(C)(C)C2C(=O)[O-],C=CCSCC(=O)NC1C(=O)N2C1SC(C)(C)C2C(=O)[O-].[Na+],C=CCSCC(=O)NC1C(=O)N2C1SC(C)(C)C2C(=O)[O-],True,True,True,True,True
nonisomeric_ambiguous,0,"(0, 1)","(0, 1)",train:1088,CC(C)(C)NCC(O)c1ccc(O)c(CO)n1,CC(C)(C)NCC(O)c1ccc(O)c(CO)n1,CC(C)(C)NCC(O)c1ccc(O)c(CO)n1,CC(C)(C)NCC(O)c1ccc(O)c(CO)n1,CC(C)(C)NCC(O)c1ccc(O)c(CO)n1,True,True,True,True,True
unmatched,1,(),(),train:1092,CCc1cc(C(N)=S)ccn1,CCc1cc(C(N)=S)ccn1,CCc1cc(C(N)=S)ccn1,CCc1cc(C(N)=S)ccn1,CCc1cc(C(N)=S)ccn1,True,True,True,True,True
unmatched,0,(),(),train:1093,NNC(=O)c1ccncc1,NNC(=O)c1ccncc1,NNC(=O)c1ccncc1,NNC(=O)c1ccncc1,NNC(=O)c1ccncc1,True,True,True,True,True
unmatched,0,(),(),train:1096,CCNC(=NC#N)NCCSCc1ncccc1Br,CCNC(=NC#N)NCCSCc1ncccc1Br,CCNC(=NC#N)NCCSCc1ncccc1Br,CCNC(=NC#N)NCCSCc1ncccc1Br,CCNC(=NC#N)NCCSCc1ncccc1Br,True,True,True,True,True
unmatched,0,(),(),train:1106,CO[C@H]1/C=C/O[C@@]2(C)Oc3c(C)c(O)c4c(c3C2=O)C(=O)/C(=C/NN2CCN(C3CCCC3)CC2)C(=C4O)NC(=O)/C(C)=C\C=C\[C@H](C)[C@H](O)[C@@H](C)[C@@H](O)[C@@H](C)[C@H](OC(C)=O)[C@@H]1C,COC1C=COC2(C)Oc3c(C)c(O)c4c(c3C2=O)C(=O)C(=CNN2CCN(C3CCCC3)CC2)C(=C4O)NC(=O)C(C)=CC=CC(C)C(O)C(C)C(O)C(C)C(OC(C)=O)C1C,COC1C=COC2(C)Oc3c(C)c(O)c4c(c3C2=O)C(=O)C(=CNN2CCN(C3CCCC3)CC2)C(=C4O)NC(=O)C(C)=CC=CC(C)C(O)C(C)C(O)C(C)C(OC(C)=O)C1C,CO[C@H]1/C=C/O[C@@]2(C)Oc3c(C)c(O)c4c(c3C2=O)C(=O)/C(=C/NN2CCN(C3CCCC3)CC2)C(=C4O)NC(=O)/C(C)=C\C=C\[C@H](C)[C@H](O)[C@@H](C)[C@@H](O)[C@@H](C)[C@H](OC(C)=O)[C@@H]1C,CO[C@H]1/C=C/O[C@@]2(C)Oc3c(C)c(O)c4c(c3C2=O)C(=O)/C(=C/NN2CCN(C3CCCC3)CC2)C(=C4O)NC(=O)/C(C)=C\C=C\[C@H](C)[C@H](O)[C@@H](C)[C@@H](O)[C@@H](C)[C@H](OC(C)=O)[C@@H]1C,True,True,True,True,True
nonisomeric_salt,1,(),"(1,)",train:1112,COc1cc(N)c(Cl)cc1C(=O)NC1CCN(CCCOc2ccc(F)cc2)CC1OC.O,COc1cc(N)c(Cl)cc1C(=O)NC1CCN(CCCOc2ccc(F)cc2)CC1OC.O,COc1cc(N)c(Cl)cc1C(=O)NC1CCN(CCCOc2ccc(F)cc2)CC1OC,COc1cc(N)c(Cl)cc1C(=O)NC1CCN(CCCOc2ccc(F)cc2)CC1OC.O,COc1cc(N)c(Cl)cc1C(=O)NC1CCN(CCCOc2ccc(F)cc2)CC1OC,True,True,True,True,True
unmatched,0,(),(),train:1113,CC(=O)OCC1=C(C(=O)[O-])N2C(=O)[C@H](NC(=O)CC#N)[C@@H]2SC1.[Na+],CC(=O)OCC1=C(C(=O)[O-])N2C(=O)C(NC(=O)CC#N)C2SC1.[Na+],CC(=O)OCC1=C(C(=O)[O-])N2C(=O)C(NC(=O)CC#N)C2SC1,CC(=O)OCC1=C(C(=O)[O-])N2C(=O)[C@H](NC(=O)CC#N)[C@@H]2SC1.[Na+],CC(=O)OCC1=C(C(=O)[O-])N2C(=O)[C@H](NC(=O)CC#N)[C@@H]2SC1,True,True,True,True,True
nonisomeric_exact,1,"(1,)","(1,)",train:1118,CCC1C(C)=NN=C(c2ccc(OC)c(OC)c2)c2cc(OC)c(OC)cc21,CCC1C(C)=NN=C(c2ccc(OC)c(OC)c2)c2cc(OC)c(OC)cc21,CCC1C(C)=NN=C(c2ccc(OC)c(OC)c2)c2cc(OC)c(OC)cc21,CCC1C(C)=NN=C(c2ccc(OC)c(OC)c2)c2cc(OC)c(OC)cc21,CCC1C(C)=NN=C(c2ccc(OC)c(OC)c2)c2cc(OC)c(OC)cc21,True,True,True,True,True
unmatched,1,(),(),train:1142,CN1CCN(C2=c3ccccc3=Nc3ccc(Cl)cc3N2)CC1,CN1CCN(C2=c3ccccc3=Nc3ccc(Cl)cc3N2)CC1,CN1CCN(C2=c3ccccc3=Nc3ccc(Cl)cc3N2)CC1,CN1CCN(C2=c3ccccc3=Nc3ccc(Cl)cc3N2)CC1,CN1CCN(C2=c3ccccc3=Nc3ccc(Cl)cc3N2)CC1,True,True,True,True,True
unmatched,0,(),(),train:1152,COc1ccc(Cc2nccc3cc(OC)c(OC)cc23)cc1OC,COc1ccc(Cc2nccc3cc(OC)c(OC)cc23)cc1OC,COc1ccc(Cc2nccc3cc(OC)c(OC)cc23)cc1OC,COc1ccc(Cc2nccc3cc(OC)c(OC)cc23)cc1OC,COc1ccc(Cc2nccc3cc(OC)c(OC)cc23)cc1OC,True,True,True,True,True
unmatched,1,(),(),train:1168,CC(Cc1ccccc1)n1cc([N-]C(=O)Nc2ccccc2)[o+]n1,CC(Cc1ccccc1)n1cc([N-]C(=O)Nc2ccccc2)[o+]n1,CC(Cc1ccccc1)n1cc([N-]C(=O)Nc2ccccc2)[o+]n1,CC(Cc1ccccc1)n1cc([N-]C(=O)Nc2ccccc2)[o+]n1,CC(Cc1ccccc1)n1cc([N-]C(=O)Nc2ccccc2)[o+]n1,True,True,True,True,True
unmatched,1,(),(),train:1173,O=C([O-])c1ccccc1Oc1ccccc1,O=C([O-])c1ccccc1Oc1ccccc1,O=C([O-])c1ccccc1Oc1ccccc1,O=C([O-])c1ccccc1Oc1ccccc1,O=C([O-])c1ccccc1Oc1ccccc1,True,True,True,True,True
unmatched,0,(),(),train:1183,Cc1cnc(N/C(O)=C2/C(=O)c3ccccc3S(=O)(=O)N2C)s1,Cc1cnc(NC(O)=C2C(=O)c3ccccc3S(=O)(=O)N2C)s1,Cc1cnc(NC(O)=C2C(=O)c3ccccc3S(=O)(=O)N2C)s1,Cc1cnc(N/C(O)=C2/C(=O)c3ccccc3S(=O)(=O)N2C)s1,Cc1cnc(N/C(O)=C2/C(=O)c3ccccc3S(=O)(=O)N2C)s1,True,True,True,True,True
nonisomeric_ambiguous,1,"(0, 1)","(0, 1)",train:1185,C=C[C@H]1CN2CC[C@H]1C[C@@H]2[C@@H](O)c1ccnc2ccc(OC)cc12,C=CC1CN2CCC1CC2C(O)c1ccnc2ccc(OC)cc12,C=CC1CN2CCC1CC2C(O)c1ccnc2ccc(OC)cc12,C=C[C@H]1CN2CC[C@H]1C[C@@H]2[C@@H](O)c1ccnc2ccc(OC)cc12,C=C[C@H]1CN2CC[C@H]1C[C@@H]2[C@@H](O)c1ccnc2ccc(OC)cc12,True,True,True,True,True
unmatched,0,(),(),train:1202,CC(=O)CC(c1ccccc1)c1c(O)oc2ccccc2c1=O,CC(=O)CC(c1ccccc1)c1c(O)oc2ccccc2c1=O,CC(=O)CC(c1ccccc1)c1c(O)oc2ccccc2c1=O,CC(=O)CC(c1ccccc1)c1c(O)oc2ccccc2c1=O,CC(=O)CC(c1ccccc1)c1c(O)oc2ccccc2c1=O,True,True,True,True,True
unmatched,1,(),(),train:1224,Cn1c(=O)c2nc[nH]c2n(C)c1=O,Cn1c(=O)c2nc[nH]c2n(C)c1=O,Cn1c(=O)c2nc[nH]c2n(C)c1=O,Cn1c(=O)c2nc[nH]c2n(C)c1=O,Cn1c(=O)c2nc[nH]c2n(C)c1=O,True,True,True,True,True
unmatched,0,(),(),train:1225,O=C(O)CCc1nc(-c2ccccc2)c(-c2ccccc2)o1,O=C(O)CCc1nc(-c2ccccc2)c(-c2ccccc2)o1,O=C(O)CCc1nc(-c2ccccc2)c(-c2ccccc2)o1,O=C(O)CCc1nc(-c2ccccc2)c(-c2ccccc2)o1,O=C(O)CCc1nc(-c2ccccc2)c(-c2ccccc2)o1,True,True,True,True,True
nonisomeric_ambiguous,1,"(0, 1)","(0, 1)",train:1226,CC(C)(C)NC(=O)[C@@H]1CN(Cc2cccnc2)CCN1C[C@@H](O)C[C@@H](Cc1ccccc1)C(=O)N[C@H]1c2ccccc2C[C@H]1O,CC(C)(C)NC(=O)C1CN(Cc2cccnc2)CCN1CC(O)CC(Cc1ccccc1)C(=O)NC1c2ccccc2CC1O,CC(C)(C)NC(=O)C1CN(Cc2cccnc2)CCN1CC(O)CC(Cc1ccccc1)C(=O)NC1c2ccccc2CC1O,CC(C)(C)NC(=O)[C@@H]1CN(Cc2cccnc2)CCN1C[C@@H](O)C[C@@H](Cc1ccccc1)C(=O)N[C@H]1c2ccccc2C[C@H]1O,CC(C)(C)NC(=O)[C@@H]1CN(Cc2cccnc2)CCN1C[C@@H](O)C[C@@H](Cc1ccccc1)C(=O)N[C@H]1c2ccccc2C[C@H]1O,True,True,True,True,True
nonisomeric_exact,0,"(1,)","(1,)",train:1235,NS(=O)(=O)c1cc(C2(O)NC(=O)c3ccccc32)ccc1Cl,NS(=O)(=O)c1cc(C2(O)NC(=O)c3ccccc32)ccc1Cl,NS(=O)(=O)c1cc(C2(O)NC(=O)c3ccccc32)ccc1Cl,NS(=O)(=O)c1cc(C2(O)NC(=O)c3ccccc32)ccc1Cl,NS(=O)(=O)c1cc(C2(O)NC(=O)c3ccccc32)ccc1Cl,True,True,True,True,True
unmatched,1,(),(),train:1241,NC(N)=NC(=O)c1nc(Cl)c(N)nc1N,NC(N)=NC(=O)c1nc(Cl)c(N)nc1N,NC(N)=NC(=O)c1nc(Cl)c(N)nc1N,NC(N)=NC(=O)c1nc(Cl)c(N)nc1N,NC(N)=NC(=O)c1nc(Cl)c(N)nc1N,True,True,True,True,True
unmatched,0,(),(),train:1255,CCn1cc(C(=O)O)c(=O)c2cc(F)c(N3CCNCC3)nc21,CCn1cc(C(=O)O)c(=O)c2cc(F)c(N3CCNCC3)nc21,CCn1cc(C(=O)O)c(=O)c2cc(F)c(N3CCNCC3)nc21,CCn1cc(C(=O)O)c(=O)c2cc(F)c(N3CCNCC3)nc21,CCn1cc(C(=O)O)c(=O)c2cc(F)c(N3CCNCC3)nc21,True,True,True,True,True
unmatched,0,(),(),train:1272,COc1ccc2nc(S(=O)Cc3ncc(C)c(OC)c3C)[nH]c2c1,COc1ccc2nc(S(=O)Cc3ncc(C)c(OC)c3C)[nH]c2c1,COc1ccc2nc(S(=O)Cc3ncc(C)c(OC)c3C)[nH]c2c1,COc1ccc2nc(S(=O)Cc3ncc(C)c(OC)c3C)[nH]c2c1,COc1ccc2nc(S(=O)Cc3ncc(C)c(OC)c3C)[nH]c2c1,True,True,True,True,True
unmatched,0,(),(),train:1284,C[C@@H](O)[C@H]1C(=O)N2C(C(=O)O)=C(SC3CCS(=O)C3)S[C@H]12,CC(O)C1C(=O)N2C(C(=O)O)=C(SC3CCS(=O)C3)SC12,CC(O)C1C(=O)N2C(C(=O)O)=C(SC3CCS(=O)C3)SC12,C[C@@H](O)[C@H]1C(=O)N2C(C(=O)O)=C(SC3CCS(=O)C3)S[C@H]12,C[C@@H](O)[C@H]1C(=O)N2C(C(=O)O)=C(SC3CCS(=O)C3)S[C@H]12,True,True,True,True,True
nonisomeric_exact,1,"(1,)","(1,)",train:1299,NC1=NC(=O)C(c2ccccc2)O1,NC1=NC(=O)C(c2ccccc2)O1,NC1=NC(=O)C(c2ccccc2)O1,NC1=NC(=O)C(c2ccccc2)O1,NC1=NC(=O)C(c2ccccc2)O1,True,True,True,True,True
unmatched,1,(),(),train:1300,CCNC1=NC(=O)C(c2ccccc2)O1,CCNC1=NC(=O)C(c2ccccc2)O1,CCNC1=NC(=O)C(c2ccccc2)O1,CCNC1=NC(=O)C(c2ccccc2)O1,CCNC1=NC(=O)C(c2ccccc2)O1,True,True,True,True,True
nonisomeric_exact,1,"(0,)","(0,)",train:1305,Cn1nnnc1SCC1=C(C(=O)O)N2C(=O)[C@@H](NC(=O)[C@H](O)c3ccccc3)[C@H]2SC1,Cn1nnnc1SCC1=C(C(=O)O)N2C(=O)C(NC(=O)C(O)c3ccccc3)C2SC1,Cn1nnnc1SCC1=C(C(=O)O)N2C(=O)C(NC(=O)C(O)c3ccccc3)C2SC1,Cn1nnnc1SCC1=C(C(=O)O)N2C(=O)[C@@H](NC(=O)[C@H](O)c3ccccc3)[C@H]2SC1,Cn1nnnc1SCC1=C(C(=O)O)N2C(=O)[C@@H](NC(=O)[C@H](O)c3ccccc3)[C@H]2SC1,True,True,True,True,True
unmatched,1,(),(),train:1308,CC(=O)OCC(CCn1cnc2cnc(N)nc21)COC(C)=O,CC(=O)OCC(CCn1cnc2cnc(N)nc21)COC(C)=O,CC(=O)OCC(CCn1cnc2cnc(N)nc21)COC(C)=O,CC(=O)OCC(CCn1cnc2cnc(N)nc21)COC(C)=O,CC(=O)OCC(CCn1cnc2cnc(N)nc21)COC(C)=O,True,True,True,True,True
unmatched,0,(),(),train:1313,COc1cc(NCc2ccc3nc(N)nc(N)c3c2C)cc(OC)c1OC,COc1cc(NCc2ccc3nc(N)nc(N)c3c2C)cc(OC)c1OC,COc1cc(NCc2ccc3nc(N)nc(N)c3c2C)cc(OC)c1OC,COc1cc(NCc2ccc3nc(N)nc(N)c3c2C)cc(OC)c1OC,COc1cc(NCc2ccc3nc(N)nc(N)c3c2C)cc(OC)c1OC,True,True,True,True,True
unmatched,1,(),(),train:1314,COc1cc(NCc2ccc3nc(N)nc(N)c3c2C)cc(OC)c1OC,COc1cc(NCc2ccc3nc(N)nc(N)c3c2C)cc(OC)c1OC,COc1cc(NCc2ccc3nc(N)nc(N)c3c2C)cc(OC)c1OC,COc1cc(NCc2ccc3nc(N)nc(N)c3c2C)cc(OC)c1OC,COc1cc(NCc2ccc3nc(N)nc(N)c3c2C)cc(OC)c1OC,True,True,True,True,True
unmatched,0,(),(),train:1315,C/C=C/C=C/C1OC(O)(C(CC)C(=O)NC/C=C/C=C(\C)C(OC)C(C)C2OC(/C=C/C=C/C=C(\C)C(=O)c3c(O)n(C)ccc3=O)C(O)C2O)C(O)C(OC2OC(C)C(OC3OC(C)C(OC)C(O)C3OC)C(OC)C2O)C1(C)C,CC=CC=CC1OC(O)(C(CC)C(=O)NCC=CC=C(C)C(OC)C(C)C2OC(C=CC=CC=C(C)C(=O)c3c(O)n(C)ccc3=O)C(O)C2O)C(O)C(OC2OC(C)C(OC3OC(C)C(OC)C(O)C3OC)C(OC)C2O)C1(C)C,CC=CC=CC1OC(O)(C(CC)C(=O)NCC=CC=C(C)C(OC)C(C)C2OC(C=CC=CC=C(C)C(=O)c3c(O)n(C)ccc3=O)C(O)C2O)C(O)C(OC2OC(C)C(OC3OC(C)C(OC)C(O)C3OC)C(OC)C2O)C1(C)C,C/C=C/C=C/C1OC(O)(C(CC)C(=O)NC/C=C/C=C(\C)C(OC)C(C)C2OC(/C=C/C=C/C=C(\C)C(=O)c3c(O)n(C)ccc3=O)C(O)C2O)C(O)C(OC2OC(C)C(OC3OC(C)C(OC)C(O)C3OC)C(OC)C2O)C1(C)C,C/C=C/C=C/C1OC(O)(C(CC)C(=O)NC/C=C/C=C(\C)C(OC)C(C)C2OC(/C=C/C=C/C=C(\C)C(=O)c3c(O)n(C)ccc3=O)C(O)C2O)C(O)C(OC2OC(C)C(OC3OC(C)C(OC)C(O)C3OC)C(OC)C2O)C1(C)C,True,True,True,True,True
unmatched,1,(),(),train:1316,S=P(N1CC1)(N1CC1)N1CC1,S=P(N1CC1)(N1CC1)N1CC1,S=P(N1CC1)(N1CC1)N1CC1,S=P(N1CC1)(N1CC1)N1CC1,S=P(N1CC1)(N1CC1)N1CC1,True,True,True,True,True
unmatched,0,(),(),train:1321,CC(CCc1ccccc1)NCC(O)c1ccc(O)c(C(N)=O)c1,CC(CCc1ccccc1)NCC(O)c1ccc(O)c(C(N)=O)c1,CC(CCc1ccccc1)NCC(O)c1ccc(O)c(C(N)=O)c1,CC(CCc1ccccc1)NCC(O)c1ccc(O)c(C(N)=O)c1,CC(CCc1ccccc1)NCC(O)c1ccc(O)c(C(N)=O)c1,True,True,True,True,True
nonisomeric_exact,0,"(0,)","(0,)",train:1332,COCCCC(=O)OC(C)OC(=O)C1=C(COC(N)=O)CS[C@@H]2[C@H](NC(=O)/C(=N\OC)c3ccco3)C(=O)N12,COCCCC(=O)OC(C)OC(=O)C1=C(COC(N)=O)CSC2C(NC(=O)C(=NOC)c3ccco3)C(=O)N12,COCCCC(=O)OC(C)OC(=O)C1=C(COC(N)=O)CSC2C(NC(=O)C(=NOC)c3ccco3)C(=O)N12,COCCCC(=O)OC(C)OC(=O)C1=C(COC(N)=O)CS[C@@H]2[C@H](NC(=O)/C(=N\OC)c3ccco3)C(=O)N12,COCCCC(=O)OC(C)OC(=O)C1=C(COC(N)=O)CS[C@@H]2[C@H](NC(=O)/C(=N\OC)c3ccco3)C(=O)N12,True,True,True,True,True
nonisomeric_exact,0,"(0,)","(0,)",train:1333,CO/N=C(\C(=O)N[C@@H]1C(=O)N2C(C(=O)O)=C(COC(C)=O)CS[C@H]12)c1ccco1,CON=C(C(=O)NC1C(=O)N2C(C(=O)O)=C(COC(C)=O)CSC12)c1ccco1,CON=C(C(=O)NC1C(=O)N2C(C(=O)O)=C(COC(C)=O)CSC12)c1ccco1,CO/N=C(\C(=O)N[C@@H]1C(=O)N2C(C(=O)O)=C(COC(C)=O)CS[C@H]12)c1ccco1,CO/N=C(\C(=O)N[C@@H]1C(=O)N2C(C(=O)O)=C(COC(C)=O)CS[C@H]12)c1ccco1,True,True,True,True,True
nonisomeric_exact,0,"(0,)","(0,)",train:1335,CO/N=C(\C(=O)N[C@@H]1C(=O)N2C(C(=O)OC(C)OC(C)=O)=C(COC(N)=O)CS[C@H]12)c1ccco1,CON=C(C(=O)NC1C(=O)N2C(C(=O)OC(C)OC(C)=O)=C(COC(N)=O)CSC12)c1ccco1,CON=C(C(=O)NC1C(=O)N2C(C(=O)OC(C)OC(C)=O)=C(COC(N)=O)CSC12)c1ccco1,CO/N=C(\C(=O)N[C@@H]1C(=O)N2C(C(=O)OC(C)OC(C)=O)=C(COC(N)=O)CS[C@H]12)c1ccco1,CO/N=C(\C(=O)N[C@@H]1C(=O)N2C(C(=O)OC(C)OC(C)=O)=C(COC(N)=O)CS[C@H]12)c1ccco1,True,True,True,True,True
nonisomeric_exact,0,"(0,)","(0,)",train:1350,CCn1cc(C(=O)O)c(=O)c2cc(F)c(N3CCNC(C)C3)c(F)c21,CCn1cc(C(=O)O)c(=O)c2cc(F)c(N3CCNC(C)C3)c(F)c21,CCn1cc(C(=O)O)c(=O)c2cc(F)c(N3CCNC(C)C3)c(F)c21,CCn1cc(C(=O)O)c(=O)c2cc(F)c(N3CCNC(C)C3)c(F)c21,CCn1cc(C(=O)O)c(=O)c2cc(F)c(N3CCNC(C)C3)c(F)c21,True,True,True,True,True
unmatched,0,(),(),train:1354,COC1CCCC2C1=C(C(=O)[O-])N1C(=O)C(C(C)O)C21,COC1CCCC2C1=C(C(=O)[O-])N1C(=O)C(C(C)O)C21,COC1CCCC2C1=C(C(=O)[O-])N1C(=O)C(C(C)O)C21,COC1CCCC2C1=C(C(=O)[O-])N1C(=O)C(C(C)O)C21,COC1CCCC2C1=C(C(=O)[O-])N1C(=O)C(C(C)O)C21,True,True,True,True,True
nonisomeric_exact,0,"(1,)","(1,)",train:1372,C[C@]12CC(=O)[C@H]3[C@@H](CCC4=CC(=O)C=C[C@@]43C)[C@@H]1CC[C@]2(O)C(=O)CO,CC12C=CC(=O)C=C1CCC1C2C(=O)CC2(C)C1CCC2(O)C(=O)CO,CC12C=CC(=O)C=C1CCC1C2C(=O)CC2(C)C1CCC2(O)C(=O)CO,C[C@]12C=CC(=O)C=C1CC[C@@H]1[C@@H]2C(=O)C[C@@]2(C)[C@H]1CC[C@]2(O)C(=O)CO,C[C@]12C=CC(=O)C=C1CC[C@@H]1[C@@H]2C(=O)C[C@@]2(C)[C@H]1CC[C@]2(O)C(=O)CO,True,True,True,True,True
unmatched,1,(),(),train:1381,CO/N=C(\C(=O)N[C@H]1C(=O)N2C(C(=O)[O-])=C(COC(C)=O)CS[C@@H]12)c1csc(N)n1.[Na+],CON=C(C(=O)NC1C(=O)N2C(C(=O)[O-])=C(COC(C)=O)CSC12)c1csc(N)n1.[Na+],CON=C(C(=O)NC1C(=O)N2C(C(=O)[O-])=C(COC(C)=O)CSC12)c1csc(N)n1,CO/N=C(\C(=O)N[C@H]1C(=O)N2C(C(=O)[O-])=C(COC(C)=O)CS[C@@H]12)c1csc(N)n1.[Na+],CO/N=C(\C(=O)N[C@H]1C(=O)N2C(C(=O)[O-])=C(COC(C)=O)CS[C@@H]12)c1csc(N)n1,True,True,True,True,True
nonisomeric_exact,0,"(0,)","(0,)",train:1383,COCC1=C(C(=O)O)N2C(=O)[C@@H](NC(=O)/C(=N\O)c3csc(N)n3)[C@H]2SC1,COCC1=C(C(=O)O)N2C(=O)C(NC(=O)C(=NO)c3csc(N)n3)C2SC1,COCC1=C(C(=O)O)N2C(=O)C(NC(=O)C(=NO)c3csc(N)n3)C2SC1,COCC1=C(C(=O)O)N2C(=O)[C@@H](NC(=O)/C(=N\O)c3csc(N)n3)[C@H]2SC1,COCC1=C(C(=O)O)N2C(=O)[C@@H](NC(=O)/C(=N\O)c3csc(N)n3)[C@H]2SC1,True,True,True,True,True
nonisomeric_exact,0,"(0,)","(0,)",train:1385,CO/N=C(\C(=O)N[C@@H]1C(=O)N2C(C(=O)O)=C(C)CS[C@H]12)c1csc(N)n1,CON=C(C(=O)NC1C(=O)N2C(C(=O)O)=C(C)CSC12)c1csc(N)n1,CON=C(C(=O)NC1C(=O)N2C(C(=O)O)=C(C)CSC12)c1csc(N)n1,CO/N=C(\C(=O)N[C@@H]1C(=O)N2C(C(=O)O)=C(C)CS[C@H]12)c1csc(N)n1,CO/N=C(\C(=O)N[C@@H]1C(=O)N2C(C(=O)O)=C(C)CS[C@H]12)c1csc(N)n1,True,True,True,True,True
unmatched,0,(),(),train:1387,COCC1=C(C(=O)[O-])N2C(=O)[C@@H](NC(=O)/C(=N\OC)c3csc(N)n3)[C@H]2SC1.[Na+],COCC1=C(C(=O)[O-])N2C(=O)C(NC(=O)C(=NOC)c3csc(N)n3)C2SC1.[Na+],COCC1=C(C(=O)[O-])N2C(=O)C(NC(=O)C(=NOC)c3csc(N)n3)C2SC1,COCC1=C(C(=O)[O-])N2C(=O)[C@@H](NC(=O)/C(=N\OC)c3csc(N)n3)[C@H]2SC1.[Na+],COCC1=C(C(=O)[O-])N2C(=O)[C@@H](NC(=O)/C(=N\OC)c3csc(N)n3)[C@H]2SC1,True,True,True,True,True
nonisomeric_exact,0,"(1,)","(1,)",train:1394,C[C@]12CC[C@H]3[C@@H](CCC4=CC(=O)CC[C@@]43C)[C@@H]1CC[C@@H]2O,CC12CCC(=O)C=C1CCC1C2CCC2(C)C(O)CCC12,CC12CCC(=O)C=C1CCC1C2CCC2(C)C(O)CCC12,C[C@]12CC[C@H]3[C@@H](CCC4=CC(=O)CC[C@@]43C)[C@@H]1CC[C@@H]2O,C[C@]12CC[C@H]3[C@@H](CCC4=CC(=O)CC[C@@]43C)[C@@H]1CC[C@@H]2O,True,True,True,True,True
nonisomeric_exact,1,"(1,)","(1,)",train:1406,C[C@]12C[C@H](O)[C@@]3(F)[C@@H](CCC4=CC(=O)CC[C@@]43C)[C@@H]1CC[C@]2(O)C(=O)CO,CC12CCC(=O)C=C1CCC1C3CCC(O)(C(=O)CO)C3(C)CC(O)C12F,CC12CCC(=O)C=C1CCC1C3CCC(O)(C(=O)CO)C3(C)CC(O)C12F,C[C@]12CCC(=O)C=C1CC[C@H]1[C@@H]3CC[C@](O)(C(=O)CO)[C@@]3(C)C[C@H](O)[C@@]12F,C[C@]12CCC(=O)C=C1CC[C@H]1[C@@H]3CC[C@](O)(C(=O)CO)[C@@]3(C)C[C@H](O)[C@@]12F,True,True,True,True,True
nonisomeric_exact,0,"(0,)","(0,)",valid:0,O=C(c1ccccc1)c1ccc2n1CCC2C(=O)O,O=C(c1ccccc1)c1ccc2n1CCC2C(=O)O,O=C(c1ccccc1)c1ccc2n1CCC2C(=O)O,O=C(c1ccccc1)c1ccc2n1CCC2C(=O)O,O=C(c1ccccc1)c1ccc2n1CCC2C(=O)O,True,True,True,True,True
unmatched,1,(),(),valid:12,CCCSc1ccc2nc(NC(=O)OC)[nH]c2c1,CCCSc1ccc2nc(NC(=O)OC)[nH]c2c1,CCCSc1ccc2nc(NC(=O)OC)[nH]c2c1,CCCSc1ccc2nc(NC(=O)OC)[nH]c2c1,CCCSc1ccc2nc(NC(=O)OC)[nH]c2c1,True,True,True,True,True
unmatched,1,(),(),valid:13,CCCSc1ccc2[nH]c(NC(=O)OC)nc2c1,CCCSc1ccc2[nH]c(NC(=O)OC)nc2c1,CCCSc1ccc2[nH]c(NC(=O)OC)nc2c1,CCCSc1ccc2[nH]c(NC(=O)OC)nc2c1,CCCSc1ccc2[nH]c(NC(=O)OC)nc2c1,True,True,True,True,True
nonisomeric_exact,1,"(1,)","(1,)",valid:20,CC12CCC(=O)C=C1CCC1C2C(O)CC2(C)C1CCC2(O)C(=O)COC(=O)CCC1CCCC1,CC12CCC(=O)C=C1CCC1C2C(O)CC2(C)C1CCC2(O)C(=O)COC(=O)CCC1CCCC1,CC12CCC(=O)C=C1CCC1C2C(O)CC2(C)C1CCC2(O)C(=O)COC(=O)CCC1CCCC1,CC12CCC(=O)C=C1CCC1C2C(O)CC2(C)C1CCC2(O)C(=O)COC(=O)CCC1CCCC1,CC12CCC(=O)C=C1CCC1C2C(O)CC2(C)C1CCC2(O)C(=O)COC(=O)CCC1CCCC1,True,True,True,True,True
unmatched,0,(),(),valid:40,O=c1nc[nH]c2c1ncn2[C@H]1CC[C@@H](CO)O1,O=c1nc[nH]c2c1ncn2C1CCC(CO)O1,O=c1nc[nH]c2c1ncn2C1CCC(CO)O1,O=c1nc[nH]c2c1ncn2[C@H]1CC[C@@H](CO)O1,O=c1nc[nH]c2c1ncn2[C@H]1CC[C@@H](CO)O1,True,True,True,True,True
nonisomeric_exact,0,"(0,)","(0,)",valid:43,COC1C=COC2(C)Oc3c(C)c(O)c4c(c3C2=O)C(=O)C(=CNN2CCN(C)CC2)C(=C4O)NC(=O)C(C)=CC=CC(C)C(O)C(C)C(O)C(C)C(OC(C)=O)C1C,COC1C=COC2(C)Oc3c(C)c(O)c4c(c3C2=O)C(=O)C(=CNN2CCN(C)CC2)C(=C4O)NC(=O)C(C)=CC=CC(C)C(O)C(C)C(O)C(C)C(OC(C)=O)C1C,COC1C=COC2(C)Oc3c(C)c(O)c4c(c3C2=O)C(=O)C(=CNN2CCN(C)CC2)C(=C4O)NC(=O)C(C)=CC=CC(C)C(O)C(C)C(O)C(C)C(OC(C)=O)C1C,COC1C=COC2(C)Oc3c(C)c(O)c4c(c3C2=O)C(=O)C(=CNN2CCN(C)CC2)C(=C4O)NC(=O)C(C)=CC=CC(C)C(O)C(C)C(O)C(C)C(OC(C)=O)C1C,COC1C=COC2(C)Oc3c(C)c(O)c4c(c3C2=O)C(=O)C(=CNN2CCN(C)CC2)C(=C4O)NC(=O)C(C)=CC=CC(C)C(O)C(C)C(O)C(C)C(OC(C)=O)C1C,True,True,True,True,True
unmatched,1,(),(),valid:52,Cc1cc(NS(=O)(=O)c2ccc(N)cc2)no1,Cc1cc(NS(=O)(=O)c2ccc(N)cc2)no1,Cc1cc(NS(=O)(=O)c2ccc(N)cc2)no1,Cc1cc(NS(=O)(=O)c2ccc(N)cc2)no1,Cc1cc(NS(=O)(=O)c2ccc(N)cc2)no1,True,True,True,True,True
unmatched,1,(),(),valid:53,Cc1cc(NS(=O)(=O)c2ccc(N)cc2)no1,Cc1cc(NS(=O)(=O)c2ccc(N)cc2)no1,Cc1cc(NS(=O)(=O)c2ccc(N)cc2)no1,Cc1cc(NS(=O)(=O)c2ccc(N)cc2)no1,Cc1cc(NS(=O)(=O)c2ccc(N)cc2)no1,True,True,True,True,True
nonisomeric_exact,1,"(1,)","(1,)",valid:61,CCC1(c2ccc(N)cc2)CCC(=O)NC1=O,CCC1(c2ccc(N)cc2)CCC(=O)NC1=O,CCC1(c2ccc(N)cc2)CCC(=O)NC1=O,CCC1(c2ccc(N)cc2)CCC(=O)NC1=O,CCC1(c2ccc(N)cc2)CCC(=O)NC1=O,True,True,True,True,True
nonisomeric_exact,1,"(0,)","(0,)",valid:65,CO[C@@]1(NC(=O)Cc2cccs2)C(=O)N2C(C(=O)O)=C(COC(N)=O)CS[C@@H]21,COC1(NC(=O)Cc2cccs2)C(=O)N2C(C(=O)O)=C(COC(N)=O)CSC21,COC1(NC(=O)Cc2cccs2)C(=O)N2C(C(=O)O)=C(COC(N)=O)CSC21,CO[C@@]1(NC(=O)Cc2cccs2)C(=O)N2C(C(=O)O)=C(COC(N)=O)CS[C@@H]21,CO[C@@]1(NC(=O)Cc2cccs2)C(=O)N2C(C(=O)O)=C(COC(N)=O)CS[C@@H]21,True,True,True,True,True
unmatched,1,(),(),valid:74,Cc1cc2c(s1)=Nc1ccc(F)cc1NC=2N1CCN(C)CC1,Cc1cc2c(s1)=Nc1ccc(F)cc1NC=2N1CCN(C)CC1,Cc1cc2c(s1)=Nc1ccc(F)cc1NC=2N1CCN(C)CC1,Cc1cc2c(s1)=Nc1ccc(F)cc1NC=2N1CCN(C)CC1,Cc1cc2c(s1)=Nc1ccc(F)cc1NC=2N1CCN(C)CC1,True,True,True,True,True
unmatched,0,(),(),valid:77,O=c1ncnc2[nH][nH]cc1-2,O=c1ncnc2[nH][nH]cc1-2,O=c1ncnc2[nH][nH]cc1-2,O=c1ncnc2[nH][nH]cc1-2,O=c1ncnc2[nH][nH]cc1-2,True,True,True,True,True
unmatched,1,(),(),valid:82,CC(C)(O/N=C(\C(=O)N[C@@H]1C(=O)N2C(C(=O)[O-])=C(C[n+]3ccccc3)CS[C@H]12)c1csc(N)n1)C(=O)O,CC(C)(ON=C(C(=O)NC1C(=O)N2C(C(=O)[O-])=C(C[n+]3ccccc3)CSC12)c1csc(N)n1)C(=O)O,CC(C)(ON=C(C(=O)NC1C(=O)N2C(C(=O)[O-])=C(C[n+]3ccccc3)CSC12)c1csc(N)n1)C(=O)O,CC(C)(O/N=C(\C(=O)N[C@@H]1C(=O)N2C(C(=O)[O-])=C(C[n+]3ccccc3)CS[C@H]12)c1csc(N)n1)C(=O)O,CC(C)(O/N=C(\C(=O)N[C@@H]1C(=O)N2C(C(=O)[O-])=C(C[n+]3ccccc3)CS[C@H]12)c1csc(N)n1)C(=O)O,True,True,True,True,True
unmatched,0,(),(),valid:93,C[C@@H](O)[C@H]1C(=O)N2C(C(=O)[O-])=C(COC(N)=O)S[C@H]12.[Na+],CC(O)C1C(=O)N2C(C(=O)[O-])=C(COC(N)=O)SC12.[Na+],CC(O)C1C(=O)N2C(C(=O)[O-])=C(COC(N)=O)SC12,C[C@@H](O)[C@H]1C(=O)N2C(C(=O)[O-])=C(COC(N)=O)S[C@H]12.[Na+],C[C@@H](O)[C@H]1C(=O)N2C(C(=O)[O-])=C(COC(N)=O)S[C@H]12,True,True,True,True,True
unmatched,0,(),(),valid:95,CN(C)[C@@H]1C(=O)/C(=C(/O)NCNC(C(=O)NC2C(=O)N3C2SC(C)(C)C3C(=O)O)c2ccccc2)C(=O)[C@@]2(O)C(=O)C3=C(O)c4c(O)cccc4[C@@](C)(O)[C@H]3C[C@@H]12,CN(C)C1C(=O)C(=C(O)NCNC(C(=O)NC2C(=O)N3C2SC(C)(C)C3C(=O)O)c2ccccc2)C(=O)C2(O)C(=O)C3=C(O)c4c(O)cccc4C(C)(O)C3CC12,CN(C)C1C(=O)C(=C(O)NCNC(C(=O)NC2C(=O)N3C2SC(C)(C)C3C(=O)O)c2ccccc2)C(=O)C2(O)C(=O)C3=C(O)c4c(O)cccc4C(C)(O)C3CC12,CN(C)[C@@H]1C(=O)/C(=C(/O)NCNC(C(=O)NC2C(=O)N3C2SC(C)(C)C3C(=O)O)c2ccccc2)C(=O)[C@@]2(O)C(=O)C3=C(O)c4c(O)cccc4[C@@](C)(O)[C@H]3C[C@@H]12,CN(C)[C@@H]1C(=O)/C(=C(/O)NCNC(C(=O)NC2C(=O)N3C2SC(C)(C)C3C(=O)O)c2ccccc2)C(=O)[C@@]2(O)C(=O)C3=C(O)c4c(O)cccc4[C@@](C)(O)[C@H]3C[C@@H]12,True,True,True,True,True
nonisomeric_exact,0,"(0,)","(0,)",valid:116,CC[C@H]1OC(=O)[C@H](C)[C@@H](OC2CC(C)(OC)C(O)C(C)O2)C(C)[C@@H](OC2OC(C)CC(N(C)C)C2O)[C@](C)(O)C[C@@H](C)/C(=N\OC)[C@H](C)[C@@H](O)[C@]1(C)O,CCC1OC(=O)C(C)C(OC2CC(C)(OC)C(O)C(C)O2)C(C)C(OC2OC(C)CC(N(C)C)C2O)C(C)(O)CC(C)C(=NOC)C(C)C(O)C1(C)O,CCC1OC(=O)C(C)C(OC2CC(C)(OC)C(O)C(C)O2)C(C)C(OC2OC(C)CC(N(C)C)C2O)C(C)(O)CC(C)C(=NOC)C(C)C(O)C1(C)O,CC[C@H]1OC(=O)[C@H](C)[C@@H](OC2CC(C)(OC)C(O)C(C)O2)C(C)[C@@H](OC2OC(C)CC(N(C)C)C2O)[C@](C)(O)C[C@@H](C)/C(=N\OC)[C@H](C)[C@@H](O)[C@]1(C)O,CC[C@H]1OC(=O)[C@H](C)[C@@H](OC2CC(C)(OC)C(O)C(C)O2)C(C)[C@@H](OC2OC(C)CC(N(C)C)C2O)[C@](C)(O)C[C@@H](C)/C(=N\OC)[C@H](C)[C@@H](O)[C@]1(C)O,True,True,True,True,True
nonisomeric_exact,1,"(1,)","(1,)",valid:133,CC(=O)SCC(Cc1ccccc1)C(=O)NCC(=O)OCc1ccccc1,CC(=O)SCC(Cc1ccccc1)C(=O)NCC(=O)OCc1ccccc1,CC(=O)SCC(Cc1ccccc1)C(=O)NCC(=O)OCc1ccccc1,CC(=O)SCC(Cc1ccccc1)C(=O)NCC(=O)OCc1ccccc1,CC(=O)SCC(Cc1ccccc1)C(=O)NCC(=O)OCc1ccccc1,True,True,True,True,True
unmatched,0,(),(),valid:136,CCN(CC)CCOC(=O)C1(C2CCCCC2)CCCCC1,CCN(CC)CCOC(=O)C1(C2CCCCC2)CCCCC1,CCN(CC)CCOC(=O)C1(C2CCCCC2)CCCCC1,CCN(CC)CCOC(=O)C1(C2CCCCC2)CCCCC1,CCN(CC)CCOC(=O)C1(C2CCCCC2)CCCCC1,True,True,True,True,True
unmatched,0,(),(),valid:145,CCOc1ccc2ccccc2c1C(=O)N[C@@H]1C(=O)N2[C@@H](C(=O)[O-])C(C)(C)S[C@H]12.[Na+],CCOc1ccc2ccccc2c1C(=O)NC1C(=O)N2C1SC(C)(C)C2C(=O)[O-].[Na+],CCOc1ccc2ccccc2c1C(=O)NC1C(=O)N2C1SC(C)(C)C2C(=O)[O-],CCOc1ccc2ccccc2c1C(=O)N[C@@H]1C(=O)N2[C@@H]1SC(C)(C)[C@@H]2C(=O)[O-].[Na+],CCOc1ccc2ccccc2c1C(=O)N[C@@H]1C(=O)N2[C@@H]1SC(C)(C)[C@@H]2C(=O)[O-],True,True,True,True,True
unmatched,1,(),(),valid:169,S=C(NC1CCCCC1)N1CCC(c2c[nH]cn2)CC1,S=C(NC1CCCCC1)N1CCC(c2c[nH]cn2)CC1,S=C(NC1CCCCC1)N1CCC(c2c[nH]cn2)CC1,S=C(NC1CCCCC1)N1CCC(c2c[nH]cn2)CC1,S=C(NC1CCCCC1)N1CCC(c2c[nH]cn2)CC1,True,True,True,True,True
nonisomeric_exact,1,"(1,)","(1,)",valid:172,CC(Oc1cccc2ccccc12)/C(N)=N/O,CC(Oc1cccc2ccccc12)C(N)=NO,CC(Oc1cccc2ccccc12)C(N)=NO,CC(Oc1cccc2ccccc12)/C(N)=N/O,CC(Oc1cccc2ccccc12)/C(N)=N/O,True,True,True,True,True
unmatched,1,(),(),valid:174,CN=C(Cc1ccc2ccccc2c1)[NH2+]C.[Cl-],CN=C(Cc1ccc2ccccc2c1)[NH2+]C.[Cl-],CN=C(Cc1ccc2ccccc2c1)[NH2+]C,CN=C(Cc1ccc2ccccc2c1)[NH2+]C.[Cl-],CN=C(Cc1ccc2ccccc2c1)[NH2+]C,True,True,True,True,True
nonisomeric_exact,0,"(1,)","(1,)",valid:194,C[C@]12CC(=O)[C@H]3[C@@H](CCC4=CC(=O)CC[C@@]43C)[C@@H]1CC[C@]2(O)C(=O)CO,CC12CCC(=O)C=C1CCC1C2C(=O)CC2(C)C1CCC2(O)C(=O)CO,CC12CCC(=O)C=C1CCC1C2C(=O)CC2(C)C1CCC2(O)C(=O)CO,C[C@]12CCC(=O)C=C1CC[C@@H]1[C@@H]2C(=O)C[C@@]2(C)[C@H]1CC[C@]2(O)C(=O)CO,C[C@]12CCC(=O)C=C1CC[C@@H]1[C@@H]2C(=O)C[C@@]2(C)[C@H]1CC[C@]2(O)C(=O)CO,True,True,True,True,True
unmatched,0,(),(),valid:202,CC1(C)S[C@@H]2[C@H]([NH+]3C(=O)C(c4ccc(O)cc4)NC3(C)C)C(=O)N2[C@H]1C(=O)O,CC1(C)SC2C([NH+]3C(=O)C(c4ccc(O)cc4)NC3(C)C)C(=O)N2C1C(=O)O,CC1(C)SC2C([NH+]3C(=O)C(c4ccc(O)cc4)NC3(C)C)C(=O)N2C1C(=O)O,CC1(C)S[C@@H]2[C@H]([NH+]3C(=O)C(c4ccc(O)cc4)NC3(C)C)C(=O)N2[C@H]1C(=O)O,CC1(C)S[C@@H]2[C@H]([NH+]3C(=O)C(c4ccc(O)cc4)NC3(C)C)C(=O)N2[C@H]1C(=O)O,True,True,True,True,True
nonisomeric_exact,1,"(0,)","(0,)",test:5,Cc1onc(-c2ccccc2Cl)c1C(=O)N[C@@H]1C(=O)N2[C@@H](C(=O)O)C(C)(C)S[C@H]12,Cc1onc(-c2ccccc2Cl)c1C(=O)NC1C(=O)N2C1SC(C)(C)C2C(=O)O,Cc1onc(-c2ccccc2Cl)c1C(=O)NC1C(=O)N2C1SC(C)(C)C2C(=O)O,Cc1onc(-c2ccccc2Cl)c1C(=O)N[C@@H]1C(=O)N2[C@@H]1SC(C)(C)[C@@H]2C(=O)O,Cc1onc(-c2ccccc2Cl)c1C(=O)N[C@@H]1C(=O)N2[C@@H]1SC(C)(C)[C@@H]2C(=O)O,True,True,True,True,True
unmatched,1,(),(),test:7,C[S+](CC[C@H](N)C(=O)[O-])C[C@H]1O[C@@H](n2cnc3c(N)ncnc32)[C@H](O)[C@@H]1O,C[S+](CCC(N)C(=O)[O-])CC1OC(n2cnc3c(N)ncnc32)C(O)C1O,C[S+](CCC(N)C(=O)[O-])CC1OC(n2cnc3c(N)ncnc32)C(O)C1O,C[S+](CC[C@H](N)C(=O)[O-])C[C@H]1O[C@@H](n2cnc3c(N)ncnc32)[C@H](O)[C@@H]1O,C[S+](CC[C@H](N)C(=O)[O-])C[C@H]1O[C@@H](n2cnc3c(N)ncnc32)[C@H](O)[C@@H]1O,True,True,True,True,True
nonisomeric_exact,1,"(1,)","(1,)",test:8,Nc1nc(Cl)nc2c1ncn2[C@H]1C[C@H](O)[C@@H](CO)O1,Nc1nc(Cl)nc2c1ncn2C1CC(O)C(CO)O1,Nc1nc(Cl)nc2c1ncn2C1CC(O)C(CO)O1,Nc1nc(Cl)nc2c1ncn2[C@H]1C[C@H](O)[C@@H](CO)O1,Nc1nc(Cl)nc2c1ncn2[C@H]1C[C@H](O)[C@@H](CO)O1,True,True,True,True,True
nonisomeric_exact,1,"(1,)","(1,)",test:9,Nc1ncnc2c1ncn2C1OC(CO)C(O)C1O,Nc1ncnc2c1ncn2C1OC(CO)C(O)C1O,Nc1ncnc2c1ncn2C1OC(CO)C(O)C1O,Nc1ncnc2c1ncn2C1OC(CO)C(O)C1O,Nc1ncnc2c1ncn2C1OC(CO)C(O)C1O,True,True,True,True,True
unmatched,1,(),(),test:16,Nc1nc(=O)c2nc(CNc3ccc(C(=O)N[C@@H](CCC(=O)O)C(=O)O)cc3)cnc2[nH]1,Nc1nc(=O)c2nc(CNc3ccc(C(=O)NC(CCC(=O)O)C(=O)O)cc3)cnc2[nH]1,Nc1nc(=O)c2nc(CNc3ccc(C(=O)NC(CCC(=O)O)C(=O)O)cc3)cnc2[nH]1,Nc1nc(=O)c2nc(CNc3ccc(C(=O)N[C@@H](CCC(=O)O)C(=O)O)cc3)cnc2[nH]1,Nc1nc(=O)c2nc(CNc3ccc(C(=O)N[C@@H](CCC(=O)O)C(=O)O)cc3)cnc2[nH]1,True,True,True,True,True
unmatched,1,(),(),test:60,O=C([O-])P(=O)([O-])[O-].[Na+].[Na+].[Na+],O=C([O-])P(=O)([O-])[O-].[Na+].[Na+].[Na+],O=C([O-])P(=O)([O-])[O-],O=C([O-])P(=O)([O-])[O-].[Na+].[Na+].[Na+],O=C([O-])P(=O)([O-])[O-],True,True,True,True,True
unmatched,1,(),(),test:76,CS(=O)(=O)OCCCCOS(C)(=O)=O,CS(=O)(=O)OCCCCOS(C)(=O)=O,CS(=O)(=O)OCCCCOS(C)(=O)=O,CS(=O)(=O)OCCCCOS(C)(=O)=O,CS(=O)(=O)OCCCCOS(C)(=O)=O,True,True,True,True,True
unmatched,1,(),(),test:81,NC(=O)NO,NC(=O)NO,NC(=O)NO,NC(=O)NO,NC(=O)NO,True,True,True,True,True
unmatched,0,(),(),test:89,O=S(=O)([O-])CCS.[Na+],O=S(=O)([O-])CCS.[Na+],O=S(=O)([O-])CCS,O=S(=O)([O-])CCS.[Na+],O=S(=O)([O-])CCS,True,True,True,True,True
unmatched,1,(),(),test:118,[CH2-][CH-]C,[CH2-][CH-]C,[CH2-][CH-]C,[CH2-][CH-]C,[CH2-][CH-]C,True,True,True,True,True
unmatched,0,(),(),test:171,O=C(O)C1=C/C(=N\Nc2ccc(S(=O)(=O)Nc3ccccn3)cc2)C=CC1=O,O=C(O)C1=CC(=NNc2ccc(S(=O)(=O)Nc3ccccn3)cc2)C=CC1=O,O=C(O)C1=CC(=NNc2ccc(S(=O)(=O)Nc3ccccn3)cc2)C=CC1=O,O=C(O)C1=C/C(=N\Nc2ccc(S(=O)(=O)Nc3ccccn3)cc2)C=CC1=O,O=C(O)C1=C/C(=N\Nc2ccc(S(=O)(=O)Nc3ccccn3)cc2)C=CC1=O,True,True,True,True,True
nonisomeric_exact,0,"(1,)","(1,)",test:175,Clc1ccc(COC(Cn2ccnc2)c2ccc(Cl)cc2Cl)c(Cl)c1,Clc1ccc(COC(Cn2ccnc2)c2ccc(Cl)cc2Cl)c(Cl)c1,Clc1ccc(COC(Cn2ccnc2)c2ccc(Cl)cc2Cl)c(Cl)c1,Clc1ccc(COC(Cn2ccnc2)c2ccc(Cl)cc2Cl)c(Cl)c1,Clc1ccc(COC(Cn2ccnc2)c2ccc(Cl)cc2Cl)c(Cl)c1,True,True,True,True,True
nonisomeric_exact,1,"(1,)","(1,)",test:176,Clc1ccc(COC(Cn2ccnc2)c2ccc(Cl)cc2Cl)c(Cl)c1,Clc1ccc(COC(Cn2ccnc2)c2ccc(Cl)cc2Cl)c(Cl)c1,Clc1ccc(COC(Cn2ccnc2)c2ccc(Cl)cc2Cl)c(Cl)c1,Clc1ccc(COC(Cn2ccnc2)c2ccc(Cl)cc2Cl)c(Cl)c1,Clc1ccc(COC(Cn2ccnc2)c2ccc(Cl)cc2Cl)c(Cl)c1,True,True,True,True,True
nonisomeric_exact,1,"(1,)","(1,)",test:179,C[C@@H]1O[C@@H]1P(=O)(O)O,CC1OC1P(=O)(O)O,CC1OC1P(=O)(O)O,C[C@@H]1O[C@@H]1P(=O)(O)O,C[C@@H]1O[C@@H]1P(=O)(O)O,True,True,True,True,True
unmatched,1,(),(),test:184,CN1CCN(CC(=O)N2c3ccccc3C(=O)Nc3cccnc32)CC1,CN1CCN(CC(=O)N2c3ccccc3C(=O)Nc3cccnc32)CC1,CN1CCN(CC(=O)N2c3ccccc3C(=O)Nc3cccnc32)CC1,CN1CCN(CC(=O)N2c3ccccc3C(=O)Nc3cccnc32)CC1,CN1CCN(CC(=O)N2c3ccccc3C(=O)Nc3cccnc32)CC1,True,True,True,True,True
unmatched,1,(),(),test:190,Cc1c(O)c(=O)ccn1C,Cc1c(O)c(=O)ccn1C,Cc1c(O)c(=O)ccn1C,Cc1c(O)c(=O)ccn1C,Cc1c(O)c(=O)ccn1C,True,True,True,True,True
unmatched,1,(),(),test:210,N/C(N=O)=C1\NNc2ccccc2N(Cc2ccccc2)C1=O,NC(N=O)=C1NNc2ccccc2N(Cc2ccccc2)C1=O,NC(N=O)=C1NNc2ccccc2N(Cc2ccccc2)C1=O,N/C(N=O)=C1\NNc2ccccc2N(Cc2ccccc2)C1=O,N/C(N=O)=C1\NNc2ccccc2N(Cc2ccccc2)C1=O,True,True,True,True,True
unmatched,1,(),(),test:223,Nc1nc(=O)c2ncn(CCC(CO)CO)c2[nH]1,Nc1nc(=O)c2ncn(CCC(CO)CO)c2[nH]1,Nc1nc(=O)c2ncn(CCC(CO)CO)c2[nH]1,Nc1nc(=O)c2ncn(CCC(CO)CO)c2[nH]1,Nc1nc(=O)c2ncn(CCC(CO)CO)c2[nH]1,True,True,True,True,True
unmatched,1,(),(),test:224,Nc1nc(=O)c2ncn(CC[C@@H](O)CO)c2[nH]1,Nc1nc(=O)c2ncn(CCC(O)CO)c2[nH]1,Nc1nc(=O)c2ncn(CCC(O)CO)c2[nH]1,Nc1nc(=O)c2ncn(CC[C@@H](O)CO)c2[nH]1,Nc1nc(=O)c2ncn(CC[C@@H](O)CO)c2[nH]1,True,True,True,True,True
unmatched,0,(),(),test:225,Nc1nc(=O)c2ncn(COC(CO)CO)c2[nH]1,Nc1nc(=O)c2ncn(COC(CO)CO)c2[nH]1,Nc1nc(=O)c2ncn(COC(CO)CO)c2[nH]1,Nc1nc(=O)c2ncn(COC(CO)CO)c2[nH]1,Nc1nc(=O)c2ncn(COC(CO)CO)c2[nH]1,True,True,True,True,True
unmatched,1,(),(),test:227,CC(C)[C@H](N)C(=O)OCCOCn1cnc2c(=O)nc(N)[nH]c21,CC(C)C(N)C(=O)OCCOCn1cnc2c(=O)nc(N)[nH]c21,CC(C)C(N)C(=O)OCCOCn1cnc2c(=O)nc(N)[nH]c21,CC(C)[C@H](N)C(=O)OCCOCn1cnc2c(=O)nc(N)[nH]c21,CC(C)[C@H](N)C(=O)OCCOCn1cnc2c(=O)nc(N)[nH]c21,True,True,True,True,True
unmatched,1,(),(),test:228,CC(C)[C@H](N)C(=O)OCC(CO)OCn1cnc2c(=O)nc(N)[nH]c21,CC(C)C(N)C(=O)OCC(CO)OCn1cnc2c(=O)nc(N)[nH]c21,CC(C)C(N)C(=O)OCC(CO)OCn1cnc2c(=O)nc(N)[nH]c21,CC(C)[C@H](N)C(=O)OCC(CO)OCn1cnc2c(=O)nc(N)[nH]c21,CC(C)[C@H](N)C(=O)OCC(CO)OCn1cnc2c(=O)nc(N)[nH]c21,True,True,True,True,True
unmatched,1,(),(),test:237,CCNC1=Nc2ccc(Cl)cc2C(c2ccccc2)S1,CCNC1=Nc2ccc(Cl)cc2C(c2ccccc2)S1,CCNC1=Nc2ccc(Cl)cc2C(c2ccccc2)S1,CCNC1=Nc2ccc(Cl)cc2C(c2ccccc2)S1,CCNC1=Nc2ccc(Cl)cc2C(c2ccccc2)S1,True,True,True,True,True
unmatched,0,(),(),test:250,CN(C)C1C(=O)/C(=C(/O)NCN2CCN(C(=N)N=C(N)N)CC2)C(=O)C2(O)C(=O)C3=C(O)c4c(O)cccc4C(C)(O)C3CC12,CN(C)C1C(=O)C(=C(O)NCN2CCN(C(=N)N=C(N)N)CC2)C(=O)C2(O)C(=O)C3=C(O)c4c(O)cccc4C(C)(O)C3CC12,CN(C)C1C(=O)C(=C(O)NCN2CCN(C(=N)N=C(N)N)CC2)C(=O)C2(O)C(=O)C3=C(O)c4c(O)cccc4C(C)(O)C3CC12,CN(C)C1C(=O)/C(=C(/O)NCN2CCN(C(=N)N=C(N)N)CC2)C(=O)C2(O)C(=O)C3=C(O)c4c(O)cccc4C(C)(O)C3CC12,CN(C)C1C(=O)/C(=C(/O)NCN2CCN(C(=N)N=C(N)N)CC2)C(=O)C2(O)C(=O)C3=C(O)c4c(O)cccc4C(C)(O)C3CC12,True,True,True,True,True
unmatched,0,(),(),test:251,CN(C)C1C(=O)/C(=C(/O)NCN2CCN(CCO)CC2)C(=O)C2(O)C(=O)C3=C(O)c4c(O)cccc4C(C)(O)C3CC12,CN(C)C1C(=O)C(=C(O)NCN2CCN(CCO)CC2)C(=O)C2(O)C(=O)C3=C(O)c4c(O)cccc4C(C)(O)C3CC12,CN(C)C1C(=O)C(=C(O)NCN2CCN(CCO)CC2)C(=O)C2(O)C(=O)C3=C(O)c4c(O)cccc4C(C)(O)C3CC12,CN(C)C1C(=O)/C(=C(/O)NCN2CCN(CCO)CC2)C(=O)C2(O)C(=O)C3=C(O)c4c(O)cccc4C(C)(O)C3CC12,CN(C)C1C(=O)/C(=C(/O)NCN2CCN(CCO)CC2)C(=O)C2(O)C(=O)C3=C(O)c4c(O)cccc4C(C)(O)C3CC12,True,True,True,True,True
unmatched,0,(),(),test:252,CN(C)[C@@H]1C(=O)/C(=C(/O)NC(C(=O)O)N2CCN(CCO)CC2)C(=O)[C@@]2(O)C(=O)C3=C(O)c4c(O)cccc4[C@@](C)(O)[C@H]3C[C@@H]12,CN(C)C1C(=O)C(=C(O)NC(C(=O)O)N2CCN(CCO)CC2)C(=O)C2(O)C(=O)C3=C(O)c4c(O)cccc4C(C)(O)C3CC12,CN(C)C1C(=O)C(=C(O)NC(C(=O)O)N2CCN(CCO)CC2)C(=O)C2(O)C(=O)C3=C(O)c4c(O)cccc4C(C)(O)C3CC12,CN(C)[C@@H]1C(=O)/C(=C(/O)NC(C(=O)O)N2CCN(CCO)CC2)C(=O)[C@@]2(O)C(=O)C3=C(O)c4c(O)cccc4[C@@](C)(O)[C@H]3C[C@@H]12,CN(C)[C@@H]1C(=O)/C(=C(/O)NC(C(=O)O)N2CCN(CCO)CC2)C(=O)[C@@]2(O)C(=O)C3=C(O)c4c(O)cccc4[C@@](C)(O)[C@H]3C[C@@H]12,True,True,True,True,True
nonisomeric_exact,1,"(1,)","(1,)",test:259,CN(C(=O)C(c1ccccc1)c1ccccc1)[C@H](CN1CC[C@H](O)C1)c1ccccc1,CN(C(=O)C(c1ccccc1)c1ccccc1)C(CN1CCC(O)C1)c1ccccc1,CN(C(=O)C(c1ccccc1)c1ccccc1)C(CN1CCC(O)C1)c1ccccc1,CN(C(=O)C(c1ccccc1)c1ccccc1)[C@H](CN1CC[C@H](O)C1)c1ccccc1,CN(C(=O)C(c1ccccc1)c1ccccc1)[C@H](CN1CC[C@H](O)C1)c1ccccc1,True,True,True,True,True
nonisomeric_exact,1,"(1,)","(1,)",test:269,C=CCN1CC[C@]23c4c5ccc(O)c4O[C@H]2C(=O)CC[C@@]3(O)[C@H]1C5,C=CCN1CCC23c4c5ccc(O)c4OC2C(=O)CCC3(O)C1C5,C=CCN1CCC23c4c5ccc(O)c4OC2C(=O)CCC3(O)C1C5,C=CCN1CC[C@]23c4c5ccc(O)c4O[C@H]2C(=O)CC[C@@]3(O)[C@H]1C5,C=CCN1CC[C@]23c4c5ccc(O)c4O[C@H]2C(=O)CC[C@@]3(O)[C@H]1C5,True,True,True,True,True
nonisomeric_exact,1,"(1,)","(1,)",test:284,CN(C)c1ccc(O)c2c1C[C@H]1C[C@H]3[C@H](N(C)C)C(O)=C(C(N)=O)C(=O)[C@@]3(O)C(O)=C1C2=O,CN(C)c1ccc(O)c2c1CC1CC3C(N(C)C)C(O)=C(C(N)=O)C(=O)C3(O)C(O)=C1C2=O,CN(C)c1ccc(O)c2c1CC1CC3C(N(C)C)C(O)=C(C(N)=O)C(=O)C3(O)C(O)=C1C2=O,CN(C)c1ccc(O)c2c1C[C@H]1C[C@H]3[C@H](N(C)C)C(O)=C(C(N)=O)C(=O)[C@@]3(O)C(O)=C1C2=O,CN(C)c1ccc(O)c2c1C[C@H]1C[C@H]3[C@H](N(C)C)C(O)=C(C(N)=O)C(=O)[C@@]3(O)C(O)=C1C2=O,True,True,True,True,True
nonisomeric_exact,0,"(0,)","(0,)",test:299,CO/N=C(\C(=O)NC1C(=O)N2C(C(=O)O)=C(/C=C\c3scnc3C)CS[C@H]12)c1csc(N)n1,CON=C(C(=O)NC1C(=O)N2C(C(=O)O)=C(C=Cc3scnc3C)CSC12)c1csc(N)n1,CON=C(C(=O)NC1C(=O)N2C(C(=O)O)=C(C=Cc3scnc3C)CSC12)c1csc(N)n1,CO/N=C(\C(=O)NC1C(=O)N2C(C(=O)O)=C(/C=C\c3scnc3C)CS[C@H]12)c1csc(N)n1,CO/N=C(\C(=O)NC1C(=O)N2C(C(=O)O)=C(/C=C\c3scnc3C)CS[C@H]12)c1csc(N)n1,True,True,True,True,True
unmatched,0,(),(),test:301,O=c1c(Cc2c(O)oc3ccccc3c2=O)c(O)oc2ccccc12,O=c1c(Cc2c(O)oc3ccccc3c2=O)c(O)oc2ccccc12,O=c1c(Cc2c(O)oc3ccccc3c2=O)c(O)oc2ccccc12,O=c1c(Cc2c(O)oc3ccccc3c2=O)c(O)oc2ccccc12,O=c1c(Cc2c(O)oc3ccccc3c2=O)c(O)oc2ccccc12,True,True,True,True,True
unmatched,0,(),(),test:302,CCOC(=O)C(c1c(O)oc2ccccc2c1=O)c1c(O)oc2ccccc2c1=O,CCOC(=O)C(c1c(O)oc2ccccc2c1=O)c1c(O)oc2ccccc2c1=O,CCOC(=O)C(c1c(O)oc2ccccc2c1=O)c1c(O)oc2ccccc2c1=O,CCOC(=O)C(c1c(O)oc2ccccc2c1=O)c1c(O)oc2ccccc2c1=O,CCOC(=O)C(c1c(O)oc2ccccc2c1=O)c1c(O)oc2ccccc2c1=O,True,True,True,True,True
nonisomeric_exact,0,"(0,)","(0,)",test:319,CO/N=C(\C(=O)N[C@@H]1C(=O)N2C(C(=O)O)=C(CSc3nnnn3C)CS[C@H]12)c1csc(N)n1,CON=C(C(=O)NC1C(=O)N2C(C(=O)O)=C(CSc3nnnn3C)CSC12)c1csc(N)n1,CON=C(C(=O)NC1C(=O)N2C(C(=O)O)=C(CSc3nnnn3C)CSC12)c1csc(N)n1,CO/N=C(\C(=O)N[C@@H]1C(=O)N2C(C(=O)O)=C(CSc3nnnn3C)CS[C@H]12)c1csc(N)n1,CO/N=C(\C(=O)N[C@@H]1C(=O)N2C(C(=O)O)=C(CSc3nnnn3C)CS[C@H]12)c1csc(N)n1,True,True,True,True,True
unmatched,0,(),(),test:320,Cc1nnc(SCC2=C(C(=O)[O-])N3C(=O)[C@@H](NC(=O)Cn4cnnn4)[C@H]3SC2)s1.[Na+],Cc1nnc(SCC2=C(C(=O)[O-])N3C(=O)C(NC(=O)Cn4cnnn4)C3SC2)s1.[Na+],Cc1nnc(SCC2=C(C(=O)[O-])N3C(=O)C(NC(=O)Cn4cnnn4)C3SC2)s1,Cc1nnc(SCC2=C(C(=O)[O-])N3C(=O)[C@@H](NC(=O)Cn4cnnn4)[C@H]3SC2)s1.[Na+],Cc1nnc(SCC2=C(C(=O)[O-])N3C(=O)[C@@H](NC(=O)Cn4cnnn4)[C@H]3SC2)s1,True,True,True,True,True
unmatched,1,(),(),test:327,CCN(CC)CCCC(C)Nc1ccnc2cc(Cl)ccc12,CCN(CC)CCCC(C)Nc1ccnc2cc(Cl)ccc12,CCN(CC)CCCC(C)Nc1ccnc2cc(Cl)ccc12,CCN(CC)CCCC(C)Nc1ccnc2cc(Cl)ccc12,CCN(CC)CCCC(C)Nc1ccnc2cc(Cl)ccc12,True,True,True,True,True
unmatched,1,(),(),test:347,CC1=CC(=C2C=CC(=O)C=C2)NN=C1NCCN1CCOCC1,CC1=CC(=C2C=CC(=O)C=C2)NN=C1NCCN1CCOCC1,CC1=CC(=C2C=CC(=O)C=C2)NN=C1NCCN1CCOCC1,CC1=CC(=C2C=CC(=O)C=C2)NN=C1NCCN1CCOCC1,CC1=CC(=C2C=CC(=O)C=C2)NN=C1NCCN1CCOCC1,True,True,True,True,True
nonisomeric_exact,1,"(1,)","(1,)",test:350,c1ccc2c(c1)Sc1ccccc1N2CC1CN2CCC1CC2,c1ccc2c(c1)Sc1ccccc1N2CC1CN2CCC1CC2,c1ccc2c(c1)Sc1ccccc1N2CC1CN2CCC1CC2,c1ccc2c(c1)Sc1ccccc1N2CC1CN2CCC1CC2,c1ccc2c(c1)Sc1ccccc1N2CC1CN2CCC1CC2,True,True,True,True,True
nonisomeric_exact,0,"(1,)","(1,)",test:351,c1ccc2c(c1)Sc1ccccc1N2CC1CN2CCC1CC2,c1ccc2c(c1)Sc1ccccc1N2CC1CN2CCC1CC2,c1ccc2c(c1)Sc1ccccc1N2CC1CN2CCC1CC2,c1ccc2c(c1)Sc1ccccc1N2CC1CN2CCC1CC2,c1ccc2c(c1)Sc1ccccc1N2CC1CN2CCC1CC2,True,True,True,True,True
nonisomeric_exact,1,"(1,)","(1,)",test:376,Nc1ccn([C@@H]2O[C@H](CO)[C@@H](O)[C@@H]2O)c(=O)n1,Nc1ccn(C2OC(CO)C(O)C2O)c(=O)n1,Nc1ccn(C2OC(CO)C(O)C2O)c(=O)n1,Nc1ccn([C@@H]2O[C@H](CO)[C@@H](O)[C@@H]2O)c(=O)n1,Nc1ccn([C@@H]2O[C@H](CO)[C@@H](O)[C@@H]2O)c(=O)n1,True,True,True,True,True
unmatched,0,(),(),test:382,CN(C)c1cc(-c2nc(N)n[nH]2)ccn1,CN(C)c1cc(-c2nc(N)n[nH]2)ccn1,CN(C)c1cc(-c2nc(N)n[nH]2)ccn1,CN(C)c1cc(-c2nc(N)n[nH]2)ccn1,CN(C)c1cc(-c2nc(N)n[nH]2)ccn1,True,True,True,True,True
unmatched,0,(),(),test:393,CC1(C)S[C@@H]2[C@H](NC(=O)COc3ccccc3)C(=O)N2[C@H]1C(=O)[O-],CC1(C)SC2C(NC(=O)COc3ccccc3)C(=O)N2C1C(=O)[O-],CC1(C)SC2C(NC(=O)COc3ccccc3)C(=O)N2C1C(=O)[O-],CC1(C)S[C@@H]2[C@H](NC(=O)COc3ccccc3)C(=O)N2[C@H]1C(=O)[O-],CC1(C)S[C@@H]2[C@H](NC(=O)COc3ccccc3)C(=O)N2[C@H]1C(=O)[O-],True,True,True,True,True
nonisomeric_exact,0,"(0,)","(0,)",test:399,CC(=O)S[C@@H]1CC2=CC(=O)CC[C@]2(C)[C@H]2CC[C@@]3(C)[C@@H](CC[C@@]34CCC(=O)O4)[C@@H]21,CC(=O)SC1CC2=CC(=O)CCC2(C)C2CCC3(C)C(CCC34CCC(=O)O4)C12,CC(=O)SC1CC2=CC(=O)CCC2(C)C2CCC3(C)C(CCC34CCC(=O)O4)C12,CC(=O)S[C@@H]1CC2=CC(=O)CC[C@]2(C)[C@H]2CC[C@@]3(C)[C@@H](CC[C@@]34CCC(=O)O4)[C@H]12,CC(=O)S[C@@H]1CC2=CC(=O)CC[C@]2(C)[C@H]2CC[C@@]3(C)[C@@H](CC[C@@]34CCC(=O)O4)[C@H]12,True,True,True,True,True
nonisomeric_exact,1,"(1,)","(1,)",test:400,CO/N=C/C1=CCCN(C)C1,CON=CC1=CCCN(C)C1,CON=CC1=CCCN(C)C1,CO/N=C/C1=CCCN(C)C1,CO/N=C/C1=CCCN(C)C1,True,True,True,True,True
unmatched,0,(),(),test:405,Nc1ccc(N=Nc2ccccc2)c(N)n1,Nc1ccc(N=Nc2ccccc2)c(N)n1,Nc1ccc(N=Nc2ccccc2)c(N)n1,Nc1ccc(N=Nc2ccccc2)c(N)n1,Nc1ccc(N=Nc2ccccc2)c(N)n1,True,True,True,True,True
