canonical_exact,num_rows,num_unique_input_smiles,labels,splits,row_ids,input_smiles
CN(C)CCc1ccccn1,3,1,1,train,train:1090|train:1091|train:1101,CN(C)CCc1ccccn1
CNCCc1ccccn1,3,1,1,train,train:1089|train:1097|train:1100,CNCCc1ccccn1
NCCc1cn2ccccc2n1,3,1,0,train,train:1047|train:1048|train:1049,NCCc1cn2ccccc2n1
C=COC=C,2,1,1,test,test:59|test:107,C=COC=C
CC(=O)Nc1ccc(O)cc1,2,1,1,train,train:26|train:106,CC(=O)Nc1ccc(O)cc1
CC(=O)Nc1nnc(S(N)(=O)=O)s1,2,1,1,test,test:219|test:220,CC(=O)Nc1nnc(S(N)(=O)=O)s1
CC(=O)Oc1ccccc1C(=O)O,2,1,0|1,train,train:27|train:127,CC(=O)Oc1ccccc1C(=O)O
CC(C)(C)OC(=O)CCCc1ccc(N(CCCl)CCCl)cc1,2,1,1,train,train:0|train:21,CC(C)(C)OC(=O)CCCc1ccc(N(CCCl)CCCl)cc1
CC(C)c1nc(-c2ncn3c2CN(C)C(=O)c2c(Cl)cccc2-3)no1,2,1,1,train,train:1280|train:1281,CC(C)c1nc(-c2ncn3c2CN(C)C(=O)c2c(Cl)cccc2-3)no1
CC(CN1c2ccccc2Sc2ccccc21)N(C)C,2,1,1,train,train:319|train:326,CC(CN1c2ccccc2Sc2ccccc21)N(C)C
CC1COc2c(N3CCN(C)CC3)c(F)cc3c(=O)c(C(=O)O)cn1c23,2,1,1,train,train:314|train:315,CC1COc2c(N3CCN(C)CC3)c(F)cc3c(=O)c(C(=O)O)cn1c23
CCC(=O)C(CC(C)N(C)C)(c1ccccc1)c1ccccc1,2,1,1,train,train:739|train:756,CCC(=O)C(CC(C)N(C)C)(c1ccccc1)c1ccccc1
CCC(=O)c1ccc2c(c1)N(CCCN1CCN(CCO)CC1)c1ccccc1S2,2,1,1,train,train:214|train:226,CCC(=O)c1ccc2c(c1)N(CCCN1CCN(CCO)CC1)c1ccccc1S2
CCCC(=O)Nc1ccc(OCC(O)CNC(C)C)c(C(C)=O)c1,2,1,1,train,train:16|train:47,CCCC(=O)Nc1ccc(OCC(O)CNC(C)C)c(C(C)=O)c1
CCCCCn1ccc(=O)c(O)c1C,2,1,1,test,test:193|test:194,CCCCCn1ccc(=O)c(O)c1C
CCCN(CCC)CCc1cccc2c1CC(=O)N2,2,1,1,valid,valid:22|valid:23,CCCN(CCC)CCc1cccc2c1CC(=O)N2
CCOC(=O)N1CCC(=C2c3ccc(Cl)cc3CCc3cccnc32)CC1,2,1,0|1,valid,valid:152|valid:153,CCOC(=O)N1CCC(=C2c3ccc(Cl)cc3CCc3cccnc32)CC1
CCc1ccccc1,2,1,1,train,train:15|train:121,CCc1ccccc1
CN(C)C(=O)C(CCN1CCC(O)(c2ccc(Cl)cc2)CC1)(c1ccccc1)c1ccccc1,2,1,0|1,train,train:1377|train:1378,CN(C)C(=O)C(CCN1CCC(O)(c2ccc(Cl)cc2)CC1)(c1ccccc1)c1ccccc1
CN(C)C/C=C(/c1ccc(Br)cc1)c1cccnc1,2,1,1,train,train:620|train:622,CN(C)C/C=C(/c1ccc(Br)cc1)c1cccnc1
CN(C)CCC=C1c2ccccc2CCc2ccccc21,2,1,1,test,test:137|test:139,CN(C)CCC=C1c2ccccc2CCc2ccccc21
CN(C)CCCN1c2ccccc2CCc2ccccc21,2,1,1,train,train:766|train:773,CN(C)CCCN1c2ccccc2CCc2ccccc21
CN(C)Cc1ccc(CSCCNc2nc(=O)c(Cc3ccc4ccccc4c3)c[nH]2)o1,2,1,0,valid,valid:158|valid:159,CN(C)Cc1ccc(CSCCNc2nc(=O)c(Cc3ccc4ccccc4c3)c[nH]2)o1
CN1C2CCC1CC(OC(=O)C(CO)c1ccccc1)C2,2,1,0|1,train,train:308|train:310,CN1C2CCC1CC(OC(=O)C(CO)c1ccccc1)C2
CN1CCN(CCCN2c3ccccc3Sc3ccc(C(F)(F)F)cc32)CC1,2,1,1,train,train:220|train:223,CN1CCN(CCCN2c3ccccc3Sc3ccc(C(F)(F)F)cc32)CC1
CN1Cc2c(-c3noc(C(C)(C)O)n3)ncn2-c2cccc(Cl)c2C1=O,2,1,0,train,train:1275|train:1277,CN1Cc2c(-c3noc(C(C)(C)O)n3)ncn2-c2cccc(Cl)c2C1=O
COc1cc(NCc2ccc3nc(N)nc(N)c3c2C)cc(OC)c1OC,2,1,0|1,train,train:1313|train:1314,COc1cc(NCc2ccc3nc(N)nc(N)c3c2C)cc(OC)c1OC
COc1cc2c(cc1OC)C1CC(=O)C(CC(C)C)CN1CC2,2,1,1,train,train:1189|train:1190,COc1cc2c(cc1OC)C1CC(=O)C(CC(C)C)CN1CC2
COc1ccc2c(c1)N(C[C@H](C)CN(C)C)c1ccccc1S2,2,1,1,train,train:322|train:331,COc1ccc2c(c1)N(C[C@H](C)CN(C)C)c1ccccc1S2
COc1ccc2c(c1)c(CC(=O)O)c(C)n2C(=O)c1ccc(Cl)cc1,2,1,0|1,train,train:1170|train:1171,COc1ccc2c(c1)c(CC(=O)O)c(C)n2C(=O)c1ccc(Cl)cc1
C[C@H]1C[C@@H]2[C@H]([C@@H](O)C[C@@]3(C)[C@H]2CC[C@]3(O)C(=O)CO)[C@@]2(C)C=CC(=O)C=C12,2,1,0|1,train,train:521|train:542,C[C@H]1C[C@H]2[C@@H]3CC[C@](O)(C(=O)CO)[C@@]3(C)C[C@H](O)[C@@H]2[C@@]2(C)C=CC(=O)C=C12
Cc1cc(NS(=O)(=O)c2ccc(N)cc2)no1,2,1,1,valid,valid:52|valid:53,Cc1cc(NS(=O)(=O)c2ccc(N)cc2)no1
Cc1ncc2n1-c1ccc(Cl)cc1C(c1ccccc1F)=NC2,2,1,1,train,train:1218|train:1222,Cc1ncc2n1-c1ccc(Cl)cc1C(c1ccccc1F)=NC2
ClC(Cl)Cl,2,1,1,test,test:44|test:45,ClC(Cl)Cl
ClCCl,2,1,1,test,test:37|test:105,ClCCl
Clc1ccc(COC(Cn2ccnc2)c2ccc(Cl)cc2Cl)c(Cl)c1,2,1,0|1,test,test:175|test:176,Clc1ccc(COC(Cn2ccnc2)c2ccc(Cl)cc2Cl)c(Cl)c1
FC(F)(F)CCl,2,1,1,test,test:54|test:93,FC(F)(F)CCl
FC(F)(F)c1ccc(N2CCNCC2)nc1Cl,2,1,1,test,test:403|test:404,FC(F)(F)c1ccc(N2CCNCC2)nc1Cl
NC(=O)N1c2ccccc2C2OC2c2ccccc21,2,1,1,train,train:1212|train:1213,NC(=O)N1c2ccccc2C2OC2c2ccccc21
NCCc1nccs1,2,1,1,train,train:917|train:921,NCCc1nccs1
N[C@@H](Cc1ccc(O)c(O)c1)C(=O)O,2,1,0|1,train,train:83|train:98,N[C@@H](Cc1ccc(O)c(O)c1)C(=O)O
Nc1nc(=O)c2ncn(COCCO)c2[nH]1,2,1,1,test,test:226|test:229,Nc1nc(=O)c2ncn(COCCO)c2[nH]1
O=C(NCCCOc1cccc(CN2CCCCC2)c1)c1ccccc1,2,1,1,train,train:1128|train:1129,O=C(NCCCOc1cccc(CN2CCCCC2)c1)c1ccccc1
O=C(NCCN1CCOCC1)c1ccc(Cl)cc1,2,1,1,train,train:1140|train:1141,O=C(NCCN1CCOCC1)c1ccc(Cl)cc1
O=C1NC(=O)C(c2ccccc2)(c2ccccc2)N1,2,1,1,train,train:861|train:863,O=C1NC(=O)C(c2ccccc2)(c2ccccc2)N1
OCCCOc1cccc(CN2CCCCC2)c1,2,1,1,train,train:1358|train:1359,OCCCOc1cccc(CN2CCCCC2)c1
OCCN1CCN(CC/C=C2/c3ccccc3Sc3ccc(Cl)cc32)CC1,2,1,1,train,train:997|train:998,OCCN1CCN(CC/C=C2/c3ccccc3Sc3ccc(Cl)cc32)CC1
OCCN1CCN(CCCN2c3ccccc3Sc3ccc(Cl)cc32)CC1,2,1,1,train,train:213|train:216,OCCN1CCN(CCCN2c3ccccc3Sc3ccc(Cl)cc32)CC1
c1cc(CN2CCCCC2)cc(OCCCNc2nc3ccccc3o2)c1,2,1,1,valid,valid:149|valid:150,c1cc(CN2CCCCC2)cc(OCCCNc2nc3ccccc3o2)c1
c1cc(CN2CCCCC2)cc(OCCCNc2nccs2)c1,2,1,1,train,train:614|train:615,c1cc(CN2CCCCC2)cc(OCCCNc2nccs2)c1
c1ccc(NCCCOc2cccc(CN3CCCCC3)c2)nc1,2,1,1,test,test:188|test:189,c1ccc(NCCCOc2cccc(CN3CCCCC3)c2)nc1
c1ccc2c(c1)Sc1ccccc1N2CC1CN2CCC1CC2,2,1,0|1,test,test:350|test:351,c1ccc2c(c1)Sc1ccccc1N2CC1CN2CCC1CC2
